address,x_um,y_um,manhattan_hops,charged_reads,charged_writes
1,0,1,1,360000,0
2,-1,1,2,360000,0
3,0,2,2,360000,0
4,1,1,2,360000,0
5,-2,1,3,360000,0
6,-1,2,3,360000,0
7,0,3,3,360000,0
8,1,2,3,360000,0
9,2,1,3,360000,0
10,-3,1,4,9720000,6480000
11,-2,2,4,3959400,3600000
12,-1,3,4,718800,360000
13,0,4,4,359400,360000
14,1,3,4,718800,359400
15,2,2,4,600,0
16,3,1,4,600,0
17,-4,1,5,600,0
18,-3,2,5,600,0
19,-2,3,5,600,0
20,-1,4,5,600,0
21,0,5,5,600,0
22,1,4,5,600,0
23,2,3,5,600,0
24,3,2,5,600,0
25,4,1,5,600,0
26,-5,1,6,600,0
27,-4,2,6,600,0
28,-3,3,6,600,0
29,-2,4,6,600,0
30,-1,5,6,600,0
31,0,6,6,600,0
32,1,5,6,600,0
33,2,4,6,600,0
34,3,3,6,600,0
35,4,2,6,600,0
36,5,1,6,600,0
37,-6,1,7,600,0
38,-5,2,7,600,0
39,-4,3,7,600,0
40,-3,4,7,600,0
41,-2,5,7,600,0
42,-1,6,7,600,0
43,0,7,7,600,0
44,1,6,7,600,0
45,2,5,7,600,0
46,3,4,7,600,0
47,4,3,7,600,0
48,5,2,7,600,0
49,6,1,7,600,0
50,-7,1,8,600,0
51,-6,2,8,600,0
52,-5,3,8,600,0
53,-4,4,8,600,0
54,-3,5,8,600,0
55,-2,6,8,600,0
56,-1,7,8,600,0
57,0,8,8,600,0
58,1,7,8,600,0
59,2,6,8,600,0
60,3,5,8,600,0
61,4,4,8,600,0
62,5,3,8,600,0
63,6,2,8,600,0
64,7,1,8,600,0
65,-8,1,9,600,0
66,-7,2,9,600,0
67,-6,3,9,600,0
68,-5,4,9,600,0
69,-4,5,9,600,0
70,-3,6,9,600,0
71,-2,7,9,600,0
72,-1,8,9,600,0
73,0,9,9,600,0
74,1,8,9,600,0
75,2,7,9,600,0
76,3,6,9,600,0
77,4,5,9,600,0
78,5,4,9,600,0
79,6,3,9,600,0
80,7,2,9,600,0
81,8,1,9,600,0
82,-9,1,10,600,0
83,-8,2,10,600,0
84,-7,3,10,600,0
85,-6,4,10,600,0
86,-5,5,10,600,0
87,-4,6,10,600,0
88,-3,7,10,600,0
89,-2,8,10,600,0
90,-1,9,10,600,0
91,0,10,10,600,0
92,1,9,10,600,0
93,2,8,10,600,0
94,3,7,10,600,0
95,4,6,10,600,0
96,5,5,10,600,0
97,6,4,10,600,0
98,7,3,10,600,0
99,8,2,10,600,0
100,9,1,10,600,0
101,-10,1,11,600,0
102,-9,2,11,600,0
103,-8,3,11,600,0
104,-7,4,11,600,0
105,-6,5,11,600,0
106,-5,6,11,600,0
107,-4,7,11,600,0
108,-3,8,11,600,0
109,-2,9,11,600,0
110,-1,10,11,600,0
111,0,11,11,600,0
112,1,10,11,600,0
113,2,9,11,600,0
114,3,8,11,600,0
115,4,7,11,600,0
116,5,6,11,600,0
117,6,5,11,600,0
118,7,4,11,600,0
119,8,3,11,600,0
120,9,2,11,600,0
121,10,1,11,600,0
122,-11,1,12,600,0
123,-10,2,12,600,0
124,-9,3,12,600,0
125,-8,4,12,600,0
126,-7,5,12,600,0
127,-6,6,12,600,0
128,-5,7,12,600,0
129,-4,8,12,600,0
130,-3,9,12,600,0
131,-2,10,12,600,0
132,-1,11,12,600,0
133,0,12,12,600,0
134,1,11,12,600,0
135,2,10,12,600,0
136,3,9,12,600,0
137,4,8,12,600,0
138,5,7,12,600,0
139,6,6,12,600,0
140,7,5,12,600,0
141,8,4,12,600,0
142,9,3,12,600,0
143,10,2,12,600,0
144,11,1,12,600,0
145,-12,1,13,600,0
146,-11,2,13,600,0
147,-10,3,13,600,0
148,-9,4,13,600,0
149,-8,5,13,600,0
150,-7,6,13,600,0
151,-6,7,13,600,0
152,-5,8,13,600,0
153,-4,9,13,600,0
154,-3,10,13,600,0
155,-2,11,13,600,0
156,-1,12,13,600,0
157,0,13,13,600,0
158,1,12,13,600,0
159,2,11,13,600,0
160,3,10,13,600,0
161,4,9,13,600,0
162,5,8,13,600,0
163,6,7,13,600,0
164,7,6,13,600,0
165,8,5,13,600,0
166,9,4,13,600,0
167,10,3,13,600,0
168,11,2,13,600,0
169,12,1,13,600,0
170,-13,1,14,600,0
171,-12,2,14,600,0
172,-11,3,14,600,0
173,-10,4,14,600,0
174,-9,5,14,600,0
175,-8,6,14,600,0
176,-7,7,14,600,0
177,-6,8,14,600,0
178,-5,9,14,600,0
179,-4,10,14,600,0
180,-3,11,14,600,0
181,-2,12,14,600,0
182,-1,13,14,600,0
183,0,14,14,600,0
184,1,13,14,600,0
185,2,12,14,600,0
186,3,11,14,600,0
187,4,10,14,600,0
188,5,9,14,600,0
189,6,8,14,600,0
190,7,7,14,600,0
191,8,6,14,600,0
192,9,5,14,600,0
193,10,4,14,600,0
194,11,3,14,600,0
195,12,2,14,600,0
196,13,1,14,600,0
197,-14,1,15,600,0
198,-13,2,15,600,0
199,-12,3,15,600,0
200,-11,4,15,600,0
201,-10,5,15,600,0
202,-9,6,15,600,0
203,-8,7,15,600,0
204,-7,8,15,600,0
205,-6,9,15,600,0
206,-5,10,15,600,0
207,-4,11,15,600,0
208,-3,12,15,600,0
209,-2,13,15,600,0
210,-1,14,15,600,0
211,0,15,15,600,0
212,1,14,15,600,0
213,2,13,15,600,0
214,3,12,15,600,0
215,4,11,15,600,0
216,5,10,15,600,0
217,6,9,15,600,0
218,7,8,15,600,0
219,8,7,15,600,0
220,9,6,15,600,0
221,10,5,15,600,0
222,11,4,15,600,0
223,12,3,15,600,0
224,13,2,15,600,0
225,14,1,15,600,0
226,-15,1,16,600,0
227,-14,2,16,600,0
228,-13,3,16,600,0
229,-12,4,16,600,0
230,-11,5,16,600,0
231,-10,6,16,600,0
232,-9,7,16,600,0
233,-8,8,16,600,0
234,-7,9,16,600,0
235,-6,10,16,600,0
236,-5,11,16,600,0
237,-4,12,16,600,0
238,-3,13,16,600,0
239,-2,14,16,600,0
240,-1,15,16,600,0
241,0,16,16,600,0
242,1,15,16,600,0
243,2,14,16,600,0
244,3,13,16,600,0
245,4,12,16,600,0
246,5,11,16,600,0
247,6,10,16,600,0
248,7,9,16,600,0
249,8,8,16,600,0
250,9,7,16,600,0
251,10,6,16,600,0
252,11,5,16,600,0
253,12,4,16,600,0
254,13,3,16,600,0
255,14,2,16,600,0
256,15,1,16,600,0
257,-16,1,17,600,0
258,-15,2,17,600,0
259,-14,3,17,600,0
260,-13,4,17,600,0
261,-12,5,17,600,0
262,-11,6,17,600,0
263,-10,7,17,600,0
264,-9,8,17,600,0
265,-8,9,17,600,0
266,-7,10,17,600,0
267,-6,11,17,600,0
268,-5,12,17,600,0
269,-4,13,17,600,0
270,-3,14,17,600,0
271,-2,15,17,600,0
272,-1,16,17,600,0
273,0,17,17,600,0
274,1,16,17,600,0
275,2,15,17,600,0
276,3,14,17,600,0
277,4,13,17,600,0
278,5,12,17,600,0
279,6,11,17,600,0
280,7,10,17,600,0
281,8,9,17,600,0
282,9,8,17,600,0
283,10,7,17,600,0
284,11,6,17,600,0
285,12,5,17,600,0
286,13,4,17,600,0
287,14,3,17,600,0
288,15,2,17,600,0
289,16,1,17,600,0
290,-17,1,18,600,0
291,-16,2,18,600,0
292,-15,3,18,600,0
293,-14,4,18,600,0
294,-13,5,18,600,0
295,-12,6,18,600,0
296,-11,7,18,600,0
297,-10,8,18,600,0
298,-9,9,18,600,0
299,-8,10,18,600,0
300,-7,11,18,600,0
301,-6,12,18,600,0
302,-5,13,18,600,0
303,-4,14,18,600,0
304,-3,15,18,600,0
305,-2,16,18,600,0
306,-1,17,18,600,0
307,0,18,18,600,0
308,1,17,18,600,0
309,2,16,18,600,0
310,3,15,18,600,0
311,4,14,18,600,0
312,5,13,18,600,0
313,6,12,18,600,0
314,7,11,18,600,0
315,8,10,18,600,0
316,9,9,18,600,0
317,10,8,18,600,0
318,11,7,18,600,0
319,12,6,18,600,0
320,13,5,18,600,0
321,14,4,18,600,0
322,15,3,18,600,0
323,16,2,18,600,0
324,17,1,18,600,0
325,-18,1,19,600,0
326,-17,2,19,600,0
327,-16,3,19,600,0
328,-15,4,19,600,0
329,-14,5,19,600,0
330,-13,6,19,600,0
331,-12,7,19,600,0
332,-11,8,19,600,0
333,-10,9,19,600,0
334,-9,10,19,600,0
335,-8,11,19,600,0
336,-7,12,19,600,0
337,-6,13,19,600,0
338,-5,14,19,600,0
339,-4,15,19,600,0
340,-3,16,19,600,0
341,-2,17,19,600,0
342,-1,18,19,600,0
343,0,19,19,600,0
344,1,18,19,600,0
345,2,17,19,600,0
346,3,16,19,600,0
347,4,15,19,600,0
348,5,14,19,600,0
349,6,13,19,600,0
350,7,12,19,600,0
351,8,11,19,600,0
352,9,10,19,600,0
353,10,9,19,600,0
354,11,8,19,600,0
355,12,7,19,600,0
356,13,6,19,600,0
357,14,5,19,600,0
358,15,4,19,600,0
359,16,3,19,600,0
360,17,2,19,600,0
361,18,1,19,600,0
362,-19,1,20,600,0
363,-18,2,20,600,0
364,-17,3,20,600,0
365,-16,4,20,600,0
366,-15,5,20,600,0
367,-14,6,20,600,0
368,-13,7,20,600,0
369,-12,8,20,600,0
370,-11,9,20,600,0
371,-10,10,20,600,0
372,-9,11,20,600,0
373,-8,12,20,600,0
374,-7,13,20,600,0
375,-6,14,20,600,0
376,-5,15,20,600,0
377,-4,16,20,600,0
378,-3,17,20,600,0
379,-2,18,20,600,0
380,-1,19,20,600,0
381,0,20,20,600,0
382,1,19,20,600,0
383,2,18,20,600,0
384,3,17,20,600,0
385,4,16,20,600,0
386,5,15,20,600,0
387,6,14,20,600,0
388,7,13,20,600,0
389,8,12,20,600,0
390,9,11,20,600,0
391,10,10,20,600,0
392,11,9,20,600,0
393,12,8,20,600,0
394,13,7,20,600,0
395,14,6,20,600,0
396,15,5,20,600,0
397,16,4,20,600,0
398,17,3,20,600,0
399,18,2,20,600,0
400,19,1,20,600,0
401,-20,1,21,600,0
402,-19,2,21,600,0
403,-18,3,21,600,0
404,-17,4,21,600,0
405,-16,5,21,600,0
406,-15,6,21,600,0
407,-14,7,21,600,0
408,-13,8,21,600,0
409,-12,9,21,600,0
410,-11,10,21,600,0
411,-10,11,21,600,0
412,-9,12,21,600,0
413,-8,13,21,600,0
414,-7,14,21,600,0
415,-6,15,21,600,0
416,-5,16,21,600,0
417,-4,17,21,600,0
418,-3,18,21,600,0
419,-2,19,21,600,0
420,-1,20,21,600,0
421,0,21,21,600,0
422,1,20,21,600,0
423,2,19,21,600,0
424,3,18,21,600,0
425,4,17,21,600,0
426,5,16,21,600,0
427,6,15,21,600,0
428,7,14,21,600,0
429,8,13,21,600,0
430,9,12,21,600,0
431,10,11,21,600,0
432,11,10,21,600,0
433,12,9,21,600,0
434,13,8,21,600,0
435,14,7,21,600,0
436,15,6,21,600,0
437,16,5,21,600,0
438,17,4,21,600,0
439,18,3,21,600,0
440,19,2,21,600,0
441,20,1,21,600,0
442,-21,1,22,600,0
443,-20,2,22,600,0
444,-19,3,22,600,0
445,-18,4,22,600,0
446,-17,5,22,600,0
447,-16,6,22,600,0
448,-15,7,22,600,0
449,-14,8,22,600,0
450,-13,9,22,600,0
451,-12,10,22,600,0
452,-11,11,22,600,0
453,-10,12,22,600,0
454,-9,13,22,600,0
455,-8,14,22,600,0
456,-7,15,22,600,0
457,-6,16,22,600,0
458,-5,17,22,600,0
459,-4,18,22,600,0
460,-3,19,22,600,0
461,-2,20,22,600,0
462,-1,21,22,600,0
463,0,22,22,600,0
464,1,21,22,600,0
465,2,20,22,600,0
466,3,19,22,600,0
467,4,18,22,600,0
468,5,17,22,600,0
469,6,16,22,600,0
470,7,15,22,600,0
471,8,14,22,600,0
472,9,13,22,600,0
473,10,12,22,600,0
474,11,11,22,600,0
475,12,10,22,600,0
476,13,9,22,600,0
477,14,8,22,600,0
478,15,7,22,600,0
479,16,6,22,600,0
480,17,5,22,600,0
481,18,4,22,600,0
482,19,3,22,600,0
483,20,2,22,600,0
484,21,1,22,600,0
485,-22,1,23,600,0
486,-21,2,23,600,0
487,-20,3,23,600,0
488,-19,4,23,600,0
489,-18,5,23,600,0
490,-17,6,23,600,0
491,-16,7,23,600,0
492,-15,8,23,600,0
493,-14,9,23,600,0
494,-13,10,23,600,0
495,-12,11,23,600,0
496,-11,12,23,600,0
497,-10,13,23,600,0
498,-9,14,23,600,0
499,-8,15,23,600,0
500,-7,16,23,600,0
501,-6,17,23,600,0
502,-5,18,23,600,0
503,-4,19,23,600,0
504,-3,20,23,600,0
505,-2,21,23,600,0
506,-1,22,23,600,0
507,0,23,23,600,0
508,1,22,23,600,0
509,2,21,23,600,0
510,3,20,23,600,0
511,4,19,23,600,0
512,5,18,23,600,0
513,6,17,23,600,0
514,7,16,23,600,0
515,8,15,23,600,0
516,9,14,23,600,0
517,10,13,23,600,0
518,11,12,23,600,0
519,12,11,23,600,0
520,13,10,23,600,0
521,14,9,23,600,0
522,15,8,23,600,0
523,16,7,23,600,0
524,17,6,23,600,0
525,18,5,23,600,0
526,19,4,23,600,0
527,20,3,23,600,0
528,21,2,23,600,0
529,22,1,23,600,0
530,-23,1,24,600,0
531,-22,2,24,600,0
532,-21,3,24,600,0
533,-20,4,24,600,0
534,-19,5,24,600,0
535,-18,6,24,600,0
536,-17,7,24,600,0
537,-16,8,24,600,0
538,-15,9,24,600,0
539,-14,10,24,600,0
540,-13,11,24,600,0
541,-12,12,24,600,0
542,-11,13,24,600,0
543,-10,14,24,600,0
544,-9,15,24,600,0
545,-8,16,24,600,0
546,-7,17,24,600,0
547,-6,18,24,600,0
548,-5,19,24,600,0
549,-4,20,24,600,0
550,-3,21,24,600,0
551,-2,22,24,600,0
552,-1,23,24,600,0
553,0,24,24,600,0
554,1,23,24,600,0
555,2,22,24,600,0
556,3,21,24,600,0
557,4,20,24,600,0
558,5,19,24,600,0
559,6,18,24,600,0
560,7,17,24,600,0
561,8,16,24,600,0
562,9,15,24,600,0
563,10,14,24,600,0
564,11,13,24,600,0
565,12,12,24,600,0
566,13,11,24,600,0
567,14,10,24,600,0
568,15,9,24,600,0
569,16,8,24,600,0
570,17,7,24,600,0
571,18,6,24,600,0
572,19,5,24,600,0
573,20,4,24,600,0
574,21,3,24,600,0
575,22,2,24,600,0
576,23,1,24,600,0
577,-24,1,25,600,0
578,-23,2,25,600,0
579,-22,3,25,600,0
580,-21,4,25,600,0
581,-20,5,25,600,0
582,-19,6,25,600,0
583,-18,7,25,600,0
584,-17,8,25,600,0
585,-16,9,25,600,0
586,-15,10,25,600,0
587,-14,11,25,600,0
588,-13,12,25,600,0
589,-12,13,25,600,0
590,-11,14,25,600,0
591,-10,15,25,600,0
592,-9,16,25,600,0
593,-8,17,25,600,0
594,-7,18,25,600,0
595,-6,19,25,600,0
596,-5,20,25,600,0
597,-4,21,25,600,0
598,-3,22,25,600,0
599,-2,23,25,600,0
600,-1,24,25,600,0
601,0,25,25,600,0
602,1,24,25,600,0
603,2,23,25,600,0
604,3,22,25,600,0
605,4,21,25,600,0
606,5,20,25,600,0
607,6,19,25,600,0
608,7,18,25,600,0
609,8,17,25,600,0
610,9,16,25,600,0
611,10,15,25,600,0
612,11,14,25,600,0
613,12,13,25,600,0
614,13,12,25,600,0
615,14,11,25,600,0
616,15,10,25,600,0
617,16,9,25,600,0
618,17,8,25,600,0
619,18,7,25,600,0
620,19,6,25,600,0
621,20,5,25,600,0
622,21,4,25,600,0
623,22,3,25,600,0
624,23,2,25,600,0
625,24,1,25,600,0
626,-25,1,26,600,0
627,-24,2,26,600,0
628,-23,3,26,600,0
629,-22,4,26,600,0
630,-21,5,26,600,0
631,-20,6,26,600,0
632,-19,7,26,600,0
633,-18,8,26,600,0
634,-17,9,26,600,0
635,-16,10,26,600,0
636,-15,11,26,600,0
637,-14,12,26,600,0
638,-13,13,26,600,0
639,-12,14,26,600,0
640,-11,15,26,600,0
641,-10,16,26,600,0
642,-9,17,26,600,0
643,-8,18,26,600,0
644,-7,19,26,600,0
645,-6,20,26,600,0
646,-5,21,26,600,0
647,-4,22,26,600,0
648,-3,23,26,600,0
649,-2,24,26,600,0
650,-1,25,26,600,0
651,0,26,26,600,0
652,1,25,26,600,0
653,2,24,26,600,0
654,3,23,26,600,0
655,4,22,26,600,0
656,5,21,26,600,0
657,6,20,26,600,0
658,7,19,26,600,0
659,8,18,26,600,0
660,9,17,26,600,0
661,10,16,26,600,0
662,11,15,26,600,0
663,12,14,26,600,0
664,13,13,26,600,0
665,14,12,26,600,0
666,15,11,26,600,0
667,16,10,26,600,0
668,17,9,26,600,0
669,18,8,26,600,0
670,19,7,26,600,0
671,20,6,26,600,0
672,21,5,26,600,0
673,22,4,26,600,0
674,23,3,26,600,0
675,24,2,26,600,0
676,25,1,26,600,0
677,-26,1,27,600,0
678,-25,2,27,600,0
679,-24,3,27,600,0
680,-23,4,27,600,0
681,-22,5,27,600,0
682,-21,6,27,600,0
683,-20,7,27,600,0
684,-19,8,27,600,0
685,-18,9,27,600,0
686,-17,10,27,600,0
687,-16,11,27,600,0
688,-15,12,27,600,0
689,-14,13,27,600,0
690,-13,14,27,600,0
691,-12,15,27,600,0
692,-11,16,27,600,0
693,-10,17,27,600,0
694,-9,18,27,600,0
695,-8,19,27,600,0
696,-7,20,27,600,0
697,-6,21,27,600,0
698,-5,22,27,600,0
699,-4,23,27,600,0
700,-3,24,27,600,0
701,-2,25,27,600,0
702,-1,26,27,600,0
703,0,27,27,600,0
704,1,26,27,600,0
705,2,25,27,600,0
706,3,24,27,600,0
707,4,23,27,600,0
708,5,22,27,600,0
709,6,21,27,600,0
710,7,20,27,600,0
711,8,19,27,600,0
712,9,18,27,600,0
713,10,17,27,600,0
714,11,16,27,600,0
715,12,15,27,600,0
716,13,14,27,600,0
717,14,13,27,600,0
718,15,12,27,600,0
719,16,11,27,600,0
720,17,10,27,600,0
721,18,9,27,600,0
722,19,8,27,600,0
723,20,7,27,600,0
724,21,6,27,600,0
725,22,5,27,600,0
726,23,4,27,600,0
727,24,3,27,600,0
728,25,2,27,600,0
729,26,1,27,600,0
730,-27,1,28,600,0
731,-26,2,28,600,0
732,-25,3,28,600,0
733,-24,4,28,600,0
734,-23,5,28,600,0
735,-22,6,28,600,0
736,-21,7,28,600,0
737,-20,8,28,600,0
738,-19,9,28,600,0
739,-18,10,28,600,0
740,-17,11,28,600,0
741,-16,12,28,600,0
742,-15,13,28,600,0
743,-14,14,28,600,0
744,-13,15,28,600,0
745,-12,16,28,600,0
746,-11,17,28,600,0
747,-10,18,28,600,0
748,-9,19,28,600,0
749,-8,20,28,600,0
750,-7,21,28,600,0
751,-6,22,28,600,0
752,-5,23,28,600,0
753,-4,24,28,600,0
754,-3,25,28,600,0
755,-2,26,28,600,0
756,-1,27,28,600,0
757,0,28,28,600,0
758,1,27,28,600,0
759,2,26,28,600,0
760,3,25,28,600,0
761,4,24,28,600,0
762,5,23,28,600,0
763,6,22,28,600,0
764,7,21,28,600,0
765,8,20,28,600,0
766,9,19,28,600,0
767,10,18,28,600,0
768,11,17,28,600,0
769,12,16,28,600,0
770,13,15,28,600,0
771,14,14,28,600,0
772,15,13,28,600,0
773,16,12,28,600,0
774,17,11,28,600,0
775,18,10,28,600,0
776,19,9,28,600,0
777,20,8,28,600,0
778,21,7,28,600,0
779,22,6,28,600,0
780,23,5,28,600,0
781,24,4,28,600,0
782,25,3,28,600,0
783,26,2,28,600,0
784,27,1,28,600,0
785,-28,1,29,600,0
786,-27,2,29,600,0
787,-26,3,29,600,0
788,-25,4,29,600,0
789,-24,5,29,600,0
790,-23,6,29,600,0
791,-22,7,29,600,0
792,-21,8,29,600,0
793,-20,9,29,600,0
794,-19,10,29,600,0
795,-18,11,29,600,0
796,-17,12,29,600,0
797,-16,13,29,600,0
798,-15,14,29,600,0
799,-14,15,29,600,0
800,-13,16,29,600,0
801,-12,17,29,600,0
802,-11,18,29,600,0
803,-10,19,29,600,0
804,-9,20,29,600,0
805,-8,21,29,600,0
806,-7,22,29,600,0
807,-6,23,29,600,0
808,-5,24,29,600,0
809,-4,25,29,600,0
810,-3,26,29,600,0
811,-2,27,29,600,0
812,-1,28,29,600,0
813,0,29,29,600,0
814,1,28,29,600,0
815,2,27,29,600,0
816,3,26,29,600,0
817,4,25,29,600,0
818,5,24,29,600,0
819,6,23,29,600,0
820,7,22,29,600,0
821,8,21,29,600,0
822,9,20,29,600,0
823,10,19,29,600,0
824,11,18,29,600,0
825,12,17,29,600,0
826,13,16,29,600,0
827,14,15,29,600,0
828,15,14,29,600,0
829,16,13,29,600,0
830,17,12,29,600,0
831,18,11,29,600,0
832,19,10,29,600,0
833,20,9,29,600,0
834,21,8,29,600,0
835,22,7,29,600,0
836,23,6,29,600,0
837,24,5,29,600,0
838,25,4,29,600,0
839,26,3,29,600,0
840,27,2,29,600,0
841,28,1,29,600,0
842,-29,1,30,600,0
843,-28,2,30,600,0
844,-27,3,30,600,0
845,-26,4,30,600,0
846,-25,5,30,600,0
847,-24,6,30,600,0
848,-23,7,30,600,0
849,-22,8,30,600,0
850,-21,9,30,600,0
851,-20,10,30,600,0
852,-19,11,30,600,0
853,-18,12,30,600,0
854,-17,13,30,600,0
855,-16,14,30,600,0
856,-15,15,30,600,0
857,-14,16,30,600,0
858,-13,17,30,600,0
859,-12,18,30,600,0
860,-11,19,30,600,0
861,-10,20,30,600,0
862,-9,21,30,600,0
863,-8,22,30,600,0
864,-7,23,30,600,0
865,-6,24,30,600,0
866,-5,25,30,600,0
867,-4,26,30,600,0
868,-3,27,30,600,0
869,-2,28,30,600,0
870,-1,29,30,600,0
871,0,30,30,600,0
872,1,29,30,600,0
873,2,28,30,600,0
874,3,27,30,600,0
875,4,26,30,600,0
876,5,25,30,600,0
877,6,24,30,600,0
878,7,23,30,600,0
879,8,22,30,600,0
880,9,21,30,600,0
881,10,20,30,600,0
882,11,19,30,600,0
883,12,18,30,600,0
884,13,17,30,600,0
885,14,16,30,600,0
886,15,15,30,600,0
887,16,14,30,600,0
888,17,13,30,600,0
889,18,12,30,600,0
890,19,11,30,600,0
891,20,10,30,600,0
892,21,9,30,600,0
893,22,8,30,600,0
894,23,7,30,600,0
895,24,6,30,600,0
896,25,5,30,600,0
897,26,4,30,600,0
898,27,3,30,600,0
899,28,2,30,600,0
900,29,1,30,600,0
901,-30,1,31,600,0
902,-29,2,31,600,0
903,-28,3,31,600,0
904,-27,4,31,600,0
905,-26,5,31,600,0
906,-25,6,31,600,0
907,-24,7,31,600,0
908,-23,8,31,600,0
909,-22,9,31,600,0
910,-21,10,31,600,0
911,-20,11,31,600,0
912,-19,12,31,600,0
913,-18,13,31,600,0
914,-17,14,31,600,0
915,-16,15,31,600,0
916,-15,16,31,600,0
917,-14,17,31,600,0
918,-13,18,31,600,0
919,-12,19,31,600,0
920,-11,20,31,600,0
921,-10,21,31,600,0
922,-9,22,31,600,0
923,-8,23,31,600,0
924,-7,24,31,600,0
925,-6,25,31,600,0
926,-5,26,31,600,0
927,-4,27,31,600,0
928,-3,28,31,600,0
929,-2,29,31,600,0
930,-1,30,31,600,0
931,0,31,31,600,0
932,1,30,31,600,0
933,2,29,31,600,0
934,3,28,31,600,0
935,4,27,31,600,0
936,5,26,31,600,0
937,6,25,31,600,0
938,7,24,31,600,0
939,8,23,31,600,0
940,9,22,31,600,0
941,10,21,31,600,0
942,11,20,31,600,0
943,12,19,31,600,0
944,13,18,31,600,0
945,14,17,31,600,0
946,15,16,31,600,0
947,16,15,31,600,0
948,17,14,31,600,0
949,18,13,31,600,0
950,19,12,31,600,0
951,20,11,31,600,0
952,21,10,31,600,0
953,22,9,31,600,0
954,23,8,31,600,0
955,24,7,31,600,0
956,25,6,31,600,0
957,26,5,31,600,0
958,27,4,31,600,0
959,28,3,31,600,0
960,29,2,31,600,0
961,30,1,31,600,0
962,-31,1,32,600,0
963,-30,2,32,600,0
964,-29,3,32,600,0
965,-28,4,32,600,0
966,-27,5,32,600,0
967,-26,6,32,600,0
968,-25,7,32,600,0
969,-24,8,32,600,0
970,-23,9,32,600,0
971,-22,10,32,600,0
972,-21,11,32,600,0
973,-20,12,32,600,0
974,-19,13,32,600,0
975,-18,14,32,600,0
976,-17,15,32,600,0
977,-16,16,32,600,0
978,-15,17,32,600,0
979,-14,18,32,600,0
980,-13,19,32,600,0
981,-12,20,32,600,0
982,-11,21,32,600,0
983,-10,22,32,600,0
984,-9,23,32,600,0
985,-8,24,32,600,0
986,-7,25,32,600,0
987,-6,26,32,600,0
988,-5,27,32,600,0
989,-4,28,32,600,0
990,-3,29,32,600,0
991,-2,30,32,600,0
992,-1,31,32,600,0
993,0,32,32,600,0
994,1,31,32,600,0
995,2,30,32,600,0
996,3,29,32,600,0
997,4,28,32,600,0
998,5,27,32,600,0
999,6,26,32,600,0
1000,7,25,32,600,0
1001,8,24,32,600,0
1002,9,23,32,600,0
1003,10,22,32,600,0
1004,11,21,32,600,0
1005,12,20,32,600,0
1006,13,19,32,600,0
1007,14,18,32,600,0
1008,15,17,32,600,0
1009,16,16,32,600,0
1010,17,15,32,600,0
1011,18,14,32,600,0
1012,19,13,32,600,0
1013,20,12,32,600,0
1014,21,11,32,600,0
1015,22,10,32,600,0
1016,23,9,32,600,0
1017,24,8,32,600,0
1018,25,7,32,600,0
1019,26,6,32,600,0
1020,27,5,32,600,0
1021,28,4,32,600,0
1022,29,3,32,600,0
1023,30,2,32,600,0
1024,31,1,32,600,0
1025,-32,1,33,600,0
1026,-31,2,33,600,0
1027,-30,3,33,600,0
1028,-29,4,33,600,0
1029,-28,5,33,600,0
1030,-27,6,33,600,0
1031,-26,7,33,600,0
1032,-25,8,33,600,0
1033,-24,9,33,600,0
1034,-23,10,33,600,0
1035,-22,11,33,600,0
1036,-21,12,33,600,0
1037,-20,13,33,600,0
1038,-19,14,33,600,0
1039,-18,15,33,600,0
1040,-17,16,33,600,0
1041,-16,17,33,600,0
1042,-15,18,33,600,0
1043,-14,19,33,600,0
1044,-13,20,33,600,0
1045,-12,21,33,600,0
1046,-11,22,33,600,0
1047,-10,23,33,600,0
1048,-9,24,33,600,0
1049,-8,25,33,600,0
1050,-7,26,33,600,0
1051,-6,27,33,600,0
1052,-5,28,33,600,0
1053,-4,29,33,600,0
1054,-3,30,33,600,0
1055,-2,31,33,600,0
1056,-1,32,33,600,0
1057,0,33,33,600,0
1058,1,32,33,600,0
1059,2,31,33,600,0
1060,3,30,33,600,0
1061,4,29,33,600,0
1062,5,28,33,600,0
1063,6,27,33,600,0
1064,7,26,33,600,0
1065,8,25,33,600,0
1066,9,24,33,600,0
1067,10,23,33,600,0
1068,11,22,33,600,0
1069,12,21,33,600,0
1070,13,20,33,600,0
1071,14,19,33,600,0
1072,15,18,33,600,0
1073,16,17,33,600,0
1074,17,16,33,600,0
1075,18,15,33,600,0
1076,19,14,33,600,0
1077,20,13,33,600,0
1078,21,12,33,600,0
1079,22,11,33,600,0
1080,23,10,33,600,0
1081,24,9,33,600,0
1082,25,8,33,600,0
1083,26,7,33,600,0
1084,27,6,33,600,0
1085,28,5,33,600,0
1086,29,4,33,600,0
1087,30,3,33,600,0
1088,31,2,33,600,0
1089,32,1,33,600,0
1090,-33,1,34,600,0
1091,-32,2,34,600,0
1092,-31,3,34,600,0
1093,-30,4,34,600,0
1094,-29,5,34,600,0
1095,-28,6,34,600,0
1096,-27,7,34,600,0
1097,-26,8,34,600,0
1098,-25,9,34,600,0
1099,-24,10,34,600,0
1100,-23,11,34,600,0
1101,-22,12,34,600,0
1102,-21,13,34,600,0
1103,-20,14,34,600,0
1104,-19,15,34,600,0
1105,-18,16,34,600,0
1106,-17,17,34,600,0
1107,-16,18,34,600,0
1108,-15,19,34,600,0
1109,-14,20,34,600,0
1110,-13,21,34,600,0
1111,-12,22,34,600,0
1112,-11,23,34,600,0
1113,-10,24,34,600,0
1114,-9,25,34,600,0
1115,-8,26,34,600,0
1116,-7,27,34,600,0
1117,-6,28,34,600,0
1118,-5,29,34,600,0
1119,-4,30,34,600,0
1120,-3,31,34,600,0
1121,-2,32,34,600,0
1122,-1,33,34,600,0
1123,0,34,34,600,0
1124,1,33,34,600,0
1125,2,32,34,600,0
1126,3,31,34,600,0
1127,4,30,34,600,0
1128,5,29,34,600,0
1129,6,28,34,600,0
1130,7,27,34,600,0
1131,8,26,34,600,0
1132,9,25,34,600,0
1133,10,24,34,600,0
1134,11,23,34,600,0
1135,12,22,34,600,0
1136,13,21,34,600,0
1137,14,20,34,600,0
1138,15,19,34,600,0
1139,16,18,34,600,0
1140,17,17,34,600,0
1141,18,16,34,600,0
1142,19,15,34,600,0
1143,20,14,34,600,0
1144,21,13,34,600,0
1145,22,12,34,600,0
1146,23,11,34,600,0
1147,24,10,34,600,0
1148,25,9,34,600,0
1149,26,8,34,600,0
1150,27,7,34,600,0
1151,28,6,34,600,0
1152,29,5,34,600,0
1153,30,4,34,600,0
1154,31,3,34,600,0
1155,32,2,34,600,0
1156,33,1,34,600,0
1157,-34,1,35,600,0
1158,-33,2,35,600,0
1159,-32,3,35,600,0
1160,-31,4,35,600,0
1161,-30,5,35,600,0
1162,-29,6,35,600,0
1163,-28,7,35,600,0
1164,-27,8,35,600,0
1165,-26,9,35,600,0
1166,-25,10,35,600,0
1167,-24,11,35,600,0
1168,-23,12,35,600,0
1169,-22,13,35,600,0
1170,-21,14,35,600,0
1171,-20,15,35,600,0
1172,-19,16,35,600,0
1173,-18,17,35,600,0
1174,-17,18,35,600,0
1175,-16,19,35,600,0
1176,-15,20,35,600,0
1177,-14,21,35,600,0
1178,-13,22,35,600,0
1179,-12,23,35,600,0
1180,-11,24,35,600,0
1181,-10,25,35,600,0
1182,-9,26,35,600,0
1183,-8,27,35,600,0
1184,-7,28,35,600,0
1185,-6,29,35,600,0
1186,-5,30,35,600,0
1187,-4,31,35,600,0
1188,-3,32,35,600,0
1189,-2,33,35,600,0
1190,-1,34,35,600,0
1191,0,35,35,600,0
1192,1,34,35,600,0
1193,2,33,35,600,0
1194,3,32,35,600,0
1195,4,31,35,600,0
1196,5,30,35,600,0
1197,6,29,35,600,0
1198,7,28,35,600,0
1199,8,27,35,600,0
1200,9,26,35,600,0
1201,10,25,35,600,0
1202,11,24,35,600,0
1203,12,23,35,600,0
1204,13,22,35,600,0
1205,14,21,35,600,0
1206,15,20,35,600,0
1207,16,19,35,600,0
1208,17,18,35,600,0
1209,18,17,35,600,0
1210,19,16,35,600,0
1211,20,15,35,600,0
1212,21,14,35,600,0
1213,22,13,35,600,0
1214,23,12,35,600,0
1215,24,11,35,600,0
1216,25,10,35,600,0
1217,26,9,35,600,0
1218,27,8,35,600,0
1219,28,7,35,600,0
1220,29,6,35,600,0
1221,30,5,35,600,0
1222,31,4,35,600,0
1223,32,3,35,600,0
1224,33,2,35,600,0
1225,34,1,35,600,0
1226,-35,1,36,600,0
1227,-34,2,36,600,0
1228,-33,3,36,600,0
1229,-32,4,36,600,0
1230,-31,5,36,600,0
1231,-30,6,36,600,0
1232,-29,7,36,600,0
1233,-28,8,36,600,0
1234,-27,9,36,600,0
1235,-26,10,36,600,0
1236,-25,11,36,600,0
1237,-24,12,36,600,0
1238,-23,13,36,600,0
1239,-22,14,36,600,0
1240,-21,15,36,600,0
1241,-20,16,36,600,0
1242,-19,17,36,600,0
1243,-18,18,36,600,0
1244,-17,19,36,600,0
1245,-16,20,36,600,0
1246,-15,21,36,600,0
1247,-14,22,36,600,0
1248,-13,23,36,600,0
1249,-12,24,36,600,0
1250,-11,25,36,600,0
1251,-10,26,36,600,0
1252,-9,27,36,600,0
1253,-8,28,36,600,0
1254,-7,29,36,600,0
1255,-6,30,36,600,0
1256,-5,31,36,600,0
1257,-4,32,36,600,0
1258,-3,33,36,600,0
1259,-2,34,36,600,0
1260,-1,35,36,600,0
1261,0,36,36,600,0
1262,1,35,36,600,0
1263,2,34,36,600,0
1264,3,33,36,600,0
1265,4,32,36,600,0
1266,5,31,36,600,0
1267,6,30,36,600,0
1268,7,29,36,600,0
1269,8,28,36,600,0
1270,9,27,36,600,0
1271,10,26,36,600,0
1272,11,25,36,600,0
1273,12,24,36,600,0
1274,13,23,36,600,0
1275,14,22,36,600,0
1276,15,21,36,600,0
1277,16,20,36,600,0
1278,17,19,36,600,0
1279,18,18,36,600,0
1280,19,17,36,600,0
1281,20,16,36,600,0
1282,21,15,36,600,0
1283,22,14,36,600,0
1284,23,13,36,600,0
1285,24,12,36,600,0
1286,25,11,36,600,0
1287,26,10,36,600,0
1288,27,9,36,600,0
1289,28,8,36,600,0
1290,29,7,36,600,0
1291,30,6,36,600,0
1292,31,5,36,600,0
1293,32,4,36,600,0
1294,33,3,36,600,0
1295,34,2,36,600,0
1296,35,1,36,600,0
1297,-36,1,37,600,0
1298,-35,2,37,600,0
1299,-34,3,37,600,0
1300,-33,4,37,600,0
1301,-32,5,37,600,0
1302,-31,6,37,600,0
1303,-30,7,37,600,0
1304,-29,8,37,600,0
1305,-28,9,37,600,0
1306,-27,10,37,600,0
1307,-26,11,37,600,0
1308,-25,12,37,600,0
1309,-24,13,37,600,0
1310,-23,14,37,600,0
1311,-22,15,37,600,0
1312,-21,16,37,600,0
1313,-20,17,37,600,0
1314,-19,18,37,600,0
1315,-18,19,37,600,0
1316,-17,20,37,600,0
1317,-16,21,37,600,0
1318,-15,22,37,600,0
1319,-14,23,37,600,0
1320,-13,24,37,600,0
1321,-12,25,37,600,0
1322,-11,26,37,600,0
1323,-10,27,37,600,0
1324,-9,28,37,600,0
1325,-8,29,37,600,0
1326,-7,30,37,600,0
1327,-6,31,37,600,0
1328,-5,32,37,600,0
1329,-4,33,37,600,0
1330,-3,34,37,600,0
1331,-2,35,37,600,0
1332,-1,36,37,600,0
1333,0,37,37,600,0
1334,1,36,37,600,0
1335,2,35,37,600,0
1336,3,34,37,600,0
1337,4,33,37,600,0
1338,5,32,37,600,0
1339,6,31,37,600,0
1340,7,30,37,600,0
1341,8,29,37,600,0
1342,9,28,37,600,0
1343,10,27,37,600,0
1344,11,26,37,600,0
1345,12,25,37,600,0
1346,13,24,37,600,0
1347,14,23,37,600,0
1348,15,22,37,600,0
1349,16,21,37,600,0
1350,17,20,37,600,0
1351,18,19,37,600,0
1352,19,18,37,600,0
1353,20,17,37,600,0
1354,21,16,37,600,0
1355,22,15,37,600,0
1356,23,14,37,600,0
1357,24,13,37,600,0
1358,25,12,37,600,0
1359,26,11,37,600,0
1360,27,10,37,600,0
1361,28,9,37,600,0
1362,29,8,37,600,0
1363,30,7,37,600,0
1364,31,6,37,600,0
1365,32,5,37,600,0
1366,33,4,37,600,0
1367,34,3,37,600,0
1368,35,2,37,600,0
1369,36,1,37,600,0
1370,-37,1,38,600,0
1371,-36,2,38,600,0
1372,-35,3,38,600,0
1373,-34,4,38,600,0
1374,-33,5,38,600,0
1375,-32,6,38,600,0
1376,-31,7,38,600,0
1377,-30,8,38,600,0
1378,-29,9,38,600,0
1379,-28,10,38,600,0
1380,-27,11,38,600,0
1381,-26,12,38,600,0
1382,-25,13,38,600,0
1383,-24,14,38,600,0
1384,-23,15,38,600,0
1385,-22,16,38,600,0
1386,-21,17,38,600,0
1387,-20,18,38,600,0
1388,-19,19,38,600,0
1389,-18,20,38,600,0
1390,-17,21,38,600,0
1391,-16,22,38,600,0
1392,-15,23,38,600,0
1393,-14,24,38,600,0
1394,-13,25,38,600,0
1395,-12,26,38,600,0
1396,-11,27,38,600,0
1397,-10,28,38,600,0
1398,-9,29,38,600,0
1399,-8,30,38,600,0
1400,-7,31,38,600,0
1401,-6,32,38,600,0
1402,-5,33,38,600,0
1403,-4,34,38,600,0
1404,-3,35,38,600,0
1405,-2,36,38,600,0
1406,-1,37,38,600,0
1407,0,38,38,600,0
1408,1,37,38,600,0
1409,2,36,38,600,0
1410,3,35,38,600,0
1411,4,34,38,600,0
1412,5,33,38,600,0
1413,6,32,38,600,0
1414,7,31,38,600,0
1415,8,30,38,600,0
1416,9,29,38,600,0
1417,10,28,38,600,0
1418,11,27,38,600,0
1419,12,26,38,600,0
1420,13,25,38,600,0
1421,14,24,38,600,0
1422,15,23,38,600,0
1423,16,22,38,600,0
1424,17,21,38,600,0
1425,18,20,38,600,0
1426,19,19,38,600,0
1427,20,18,38,600,0
1428,21,17,38,600,0
1429,22,16,38,600,0
1430,23,15,38,600,0
1431,24,14,38,600,0
1432,25,13,38,600,0
1433,26,12,38,600,0
1434,27,11,38,600,0
1435,28,10,38,600,0
1436,29,9,38,600,0
1437,30,8,38,600,0
1438,31,7,38,600,0
1439,32,6,38,600,0
1440,33,5,38,600,0
1441,34,4,38,600,0
1442,35,3,38,600,0
1443,36,2,38,600,0
1444,37,1,38,600,0
1445,-38,1,39,600,0
1446,-37,2,39,600,0
1447,-36,3,39,600,0
1448,-35,4,39,600,0
1449,-34,5,39,600,0
1450,-33,6,39,600,0
1451,-32,7,39,600,0
1452,-31,8,39,600,0
1453,-30,9,39,600,0
1454,-29,10,39,600,0
1455,-28,11,39,600,0
1456,-27,12,39,600,0
1457,-26,13,39,600,0
1458,-25,14,39,600,0
1459,-24,15,39,600,0
1460,-23,16,39,600,0
1461,-22,17,39,600,0
1462,-21,18,39,600,0
1463,-20,19,39,600,0
1464,-19,20,39,600,0
1465,-18,21,39,600,0
1466,-17,22,39,600,0
1467,-16,23,39,600,0
1468,-15,24,39,600,0
1469,-14,25,39,600,0
1470,-13,26,39,600,0
1471,-12,27,39,600,0
1472,-11,28,39,600,0
1473,-10,29,39,600,0
1474,-9,30,39,600,0
1475,-8,31,39,600,0
1476,-7,32,39,600,0
1477,-6,33,39,600,0
1478,-5,34,39,600,0
1479,-4,35,39,600,0
1480,-3,36,39,600,0
1481,-2,37,39,600,0
1482,-1,38,39,600,0
1483,0,39,39,600,0
1484,1,38,39,600,0
1485,2,37,39,600,0
1486,3,36,39,600,0
1487,4,35,39,600,0
1488,5,34,39,600,0
1489,6,33,39,600,0
1490,7,32,39,600,0
1491,8,31,39,600,0
1492,9,30,39,600,0
1493,10,29,39,600,0
1494,11,28,39,600,0
1495,12,27,39,600,0
1496,13,26,39,600,0
1497,14,25,39,600,0
1498,15,24,39,600,0
1499,16,23,39,600,0
1500,17,22,39,600,0
1501,18,21,39,600,0
1502,19,20,39,600,0
1503,20,19,39,600,0
1504,21,18,39,600,0
1505,22,17,39,600,0
1506,23,16,39,600,0
1507,24,15,39,600,0
1508,25,14,39,600,0
1509,26,13,39,600,0
1510,27,12,39,600,0
1511,28,11,39,600,0
1512,29,10,39,600,0
1513,30,9,39,600,0
1514,31,8,39,600,0
1515,32,7,39,600,0
1516,33,6,39,600,0
1517,34,5,39,600,0
1518,35,4,39,600,0
1519,36,3,39,600,0
1520,37,2,39,600,0
1521,38,1,39,600,0
1522,-39,1,40,600,0
1523,-38,2,40,600,0
1524,-37,3,40,600,0
1525,-36,4,40,600,0
1526,-35,5,40,600,0
1527,-34,6,40,600,0
1528,-33,7,40,600,0
1529,-32,8,40,600,0
1530,-31,9,40,600,0
1531,-30,10,40,600,0
1532,-29,11,40,600,0
1533,-28,12,40,600,0
1534,-27,13,40,600,0
1535,-26,14,40,600,0
1536,-25,15,40,600,0
1537,-24,16,40,600,0
1538,-23,17,40,600,0
1539,-22,18,40,600,0
1540,-21,19,40,600,0
1541,-20,20,40,600,0
1542,-19,21,40,600,0
1543,-18,22,40,600,0
1544,-17,23,40,600,0
1545,-16,24,40,600,0
1546,-15,25,40,600,0
1547,-14,26,40,600,0
1548,-13,27,40,600,0
1549,-12,28,40,600,0
1550,-11,29,40,600,0
1551,-10,30,40,600,0
1552,-9,31,40,600,0
1553,-8,32,40,600,0
1554,-7,33,40,600,0
1555,-6,34,40,600,0
1556,-5,35,40,600,0
1557,-4,36,40,600,0
1558,-3,37,40,600,0
1559,-2,38,40,600,0
1560,-1,39,40,600,0
1561,0,40,40,600,0
1562,1,39,40,600,0
1563,2,38,40,600,0
1564,3,37,40,600,0
1565,4,36,40,600,0
1566,5,35,40,600,0
1567,6,34,40,600,0
1568,7,33,40,600,0
1569,8,32,40,600,0
1570,9,31,40,600,0
1571,10,30,40,600,0
1572,11,29,40,600,0
1573,12,28,40,600,0
1574,13,27,40,600,0
1575,14,26,40,600,0
1576,15,25,40,600,0
1577,16,24,40,600,0
1578,17,23,40,600,0
1579,18,22,40,600,0
1580,19,21,40,600,0
1581,20,20,40,600,0
1582,21,19,40,600,0
1583,22,18,40,600,0
1584,23,17,40,600,0
1585,24,16,40,600,0
1586,25,15,40,600,0
1587,26,14,40,600,0
1588,27,13,40,600,0
1589,28,12,40,600,0
1590,29,11,40,600,0
1591,30,10,40,600,0
1592,31,9,40,600,0
1593,32,8,40,600,0
1594,33,7,40,600,0
1595,34,6,40,600,0
1596,35,5,40,600,0
1597,36,4,40,600,0
1598,37,3,40,600,0
1599,38,2,40,600,0
1600,39,1,40,600,0
1601,-40,1,41,600,0
1602,-39,2,41,600,0
1603,-38,3,41,600,0
1604,-37,4,41,600,0
1605,-36,5,41,600,0
1606,-35,6,41,600,0
1607,-34,7,41,600,0
1608,-33,8,41,600,0
1609,-32,9,41,600,0
1610,-31,10,41,600,0
1611,-30,11,41,600,0
1612,-29,12,41,600,0
1613,-28,13,41,600,0
1614,-27,14,41,600,0
1615,-26,15,41,600,0
1616,-25,16,41,600,0
1617,-24,17,41,600,0
1618,-23,18,41,600,0
1619,-22,19,41,600,0
1620,-21,20,41,600,0
1621,-20,21,41,600,0
1622,-19,22,41,600,0
1623,-18,23,41,600,0
1624,-17,24,41,600,0
1625,-16,25,41,600,0
1626,-15,26,41,600,0
1627,-14,27,41,600,0
1628,-13,28,41,600,0
1629,-12,29,41,600,0
1630,-11,30,41,600,0
1631,-10,31,41,600,0
1632,-9,32,41,600,0
1633,-8,33,41,600,0
1634,-7,34,41,600,0
1635,-6,35,41,600,0
1636,-5,36,41,600,0
1637,-4,37,41,600,0
1638,-3,38,41,600,0
1639,-2,39,41,600,0
1640,-1,40,41,600,0
1641,0,41,41,600,0
1642,1,40,41,600,0
1643,2,39,41,600,0
1644,3,38,41,600,0
1645,4,37,41,600,0
1646,5,36,41,600,0
1647,6,35,41,600,0
1648,7,34,41,600,0
1649,8,33,41,600,0
1650,9,32,41,600,0
1651,10,31,41,600,0
1652,11,30,41,600,0
1653,12,29,41,600,0
1654,13,28,41,600,0
1655,14,27,41,600,0
1656,15,26,41,600,0
1657,16,25,41,600,0
1658,17,24,41,600,0
1659,18,23,41,600,0
1660,19,22,41,600,0
1661,20,21,41,600,0
1662,21,20,41,600,0
1663,22,19,41,600,0
1664,23,18,41,600,0
1665,24,17,41,600,0
1666,25,16,41,600,0
1667,26,15,41,600,0
1668,27,14,41,600,0
1669,28,13,41,600,0
1670,29,12,41,600,0
1671,30,11,41,600,0
1672,31,10,41,600,0
1673,32,9,41,600,0
1674,33,8,41,600,0
1675,34,7,41,600,0
1676,35,6,41,600,0
1677,36,5,41,600,0
1678,37,4,41,600,0
1679,38,3,41,600,0
1680,39,2,41,600,0
1681,40,1,41,600,0
1682,-41,1,42,600,0
1683,-40,2,42,600,0
1684,-39,3,42,600,0
1685,-38,4,42,600,0
1686,-37,5,42,600,0
1687,-36,6,42,600,0
1688,-35,7,42,600,0
1689,-34,8,42,600,0
1690,-33,9,42,600,0
1691,-32,10,42,600,0
1692,-31,11,42,600,0
1693,-30,12,42,600,0
1694,-29,13,42,600,0
1695,-28,14,42,600,0
1696,-27,15,42,600,0
1697,-26,16,42,600,0
1698,-25,17,42,600,0
1699,-24,18,42,600,0
1700,-23,19,42,600,0
1701,-22,20,42,600,0
1702,-21,21,42,600,0
1703,-20,22,42,600,0
1704,-19,23,42,600,0
1705,-18,24,42,600,0
1706,-17,25,42,600,0
1707,-16,26,42,600,0
1708,-15,27,42,600,0
1709,-14,28,42,600,0
1710,-13,29,42,600,0
1711,-12,30,42,600,0
1712,-11,31,42,600,0
1713,-10,32,42,600,0
1714,-9,33,42,600,0
1715,-8,34,42,600,0
1716,-7,35,42,600,0
1717,-6,36,42,600,0
1718,-5,37,42,600,0
1719,-4,38,42,600,0
1720,-3,39,42,600,0
1721,-2,40,42,600,0
1722,-1,41,42,600,0
1723,0,42,42,600,0
1724,1,41,42,600,0
1725,2,40,42,600,0
1726,3,39,42,600,0
1727,4,38,42,600,0
1728,5,37,42,600,0
1729,6,36,42,600,0
1730,7,35,42,600,0
1731,8,34,42,600,0
1732,9,33,42,600,0
1733,10,32,42,600,0
1734,11,31,42,600,0
1735,12,30,42,600,0
1736,13,29,42,600,0
1737,14,28,42,600,0
1738,15,27,42,600,0
1739,16,26,42,600,0
1740,17,25,42,600,0
1741,18,24,42,600,0
1742,19,23,42,600,0
1743,20,22,42,600,0
1744,21,21,42,600,0
1745,22,20,42,600,0
1746,23,19,42,600,0
1747,24,18,42,600,0
1748,25,17,42,600,0
1749,26,16,42,600,0
1750,27,15,42,600,0
1751,28,14,42,600,0
1752,29,13,42,600,0
1753,30,12,42,600,0
1754,31,11,42,600,0
1755,32,10,42,600,0
1756,33,9,42,600,0
1757,34,8,42,600,0
1758,35,7,42,600,0
1759,36,6,42,600,0
1760,37,5,42,600,0
1761,38,4,42,600,0
1762,39,3,42,600,0
1763,40,2,42,600,0
1764,41,1,42,600,0
1765,-42,1,43,600,0
1766,-41,2,43,600,0
1767,-40,3,43,600,0
1768,-39,4,43,600,0
1769,-38,5,43,600,0
1770,-37,6,43,600,0
1771,-36,7,43,600,0
1772,-35,8,43,600,0
1773,-34,9,43,600,0
1774,-33,10,43,600,0
1775,-32,11,43,600,0
1776,-31,12,43,600,0
1777,-30,13,43,600,0
1778,-29,14,43,600,0
1779,-28,15,43,600,0
1780,-27,16,43,600,0
1781,-26,17,43,600,0
1782,-25,18,43,600,0
1783,-24,19,43,600,0
1784,-23,20,43,600,0
1785,-22,21,43,600,0
1786,-21,22,43,600,0
1787,-20,23,43,600,0
1788,-19,24,43,600,0
1789,-18,25,43,600,0
1790,-17,26,43,600,0
1791,-16,27,43,600,0
1792,-15,28,43,600,0
1793,-14,29,43,600,0
1794,-13,30,43,600,0
1795,-12,31,43,600,0
1796,-11,32,43,600,0
1797,-10,33,43,600,0
1798,-9,34,43,600,0
1799,-8,35,43,600,0
1800,-7,36,43,600,0
1801,-6,37,43,600,0
1802,-5,38,43,600,0
1803,-4,39,43,600,0
1804,-3,40,43,600,0
1805,-2,41,43,600,0
1806,-1,42,43,600,0
1807,0,43,43,600,0
1808,1,42,43,600,0
1809,2,41,43,600,0
1810,3,40,43,600,0
1811,4,39,43,600,0
1812,5,38,43,600,0
1813,6,37,43,600,0
1814,7,36,43,600,0
1815,8,35,43,600,0
1816,9,34,43,600,0
1817,10,33,43,600,0
1818,11,32,43,600,0
1819,12,31,43,600,0
1820,13,30,43,600,0
1821,14,29,43,600,0
1822,15,28,43,600,0
1823,16,27,43,600,0
1824,17,26,43,600,0
1825,18,25,43,600,0
1826,19,24,43,600,0
1827,20,23,43,600,0
1828,21,22,43,600,0
1829,22,21,43,600,0
1830,23,20,43,600,0
1831,24,19,43,600,0
1832,25,18,43,600,0
1833,26,17,43,600,0
1834,27,16,43,600,0
1835,28,15,43,600,0
1836,29,14,43,600,0
1837,30,13,43,600,0
1838,31,12,43,600,0
1839,32,11,43,600,0
1840,33,10,43,600,0
1841,34,9,43,600,0
1842,35,8,43,600,0
1843,36,7,43,600,0
1844,37,6,43,600,0
1845,38,5,43,600,0
1846,39,4,43,600,0
1847,40,3,43,600,0
1848,41,2,43,600,0
1849,42,1,43,600,0
1850,-43,1,44,600,0
1851,-42,2,44,600,0
1852,-41,3,44,600,0
1853,-40,4,44,600,0
1854,-39,5,44,600,0
1855,-38,6,44,600,0
1856,-37,7,44,600,0
1857,-36,8,44,600,0
1858,-35,9,44,600,0
1859,-34,10,44,600,0
1860,-33,11,44,600,0
1861,-32,12,44,600,0
1862,-31,13,44,600,0
1863,-30,14,44,600,0
1864,-29,15,44,600,0
1865,-28,16,44,600,0
1866,-27,17,44,600,0
1867,-26,18,44,600,0
1868,-25,19,44,600,0
1869,-24,20,44,600,0
1870,-23,21,44,600,0
1871,-22,22,44,600,0
1872,-21,23,44,600,0
1873,-20,24,44,600,0
1874,-19,25,44,600,0
1875,-18,26,44,600,0
1876,-17,27,44,600,0
1877,-16,28,44,600,0
1878,-15,29,44,600,0
1879,-14,30,44,600,0
1880,-13,31,44,600,0
1881,-12,32,44,600,0
1882,-11,33,44,600,0
1883,-10,34,44,600,0
1884,-9,35,44,600,0
1885,-8,36,44,600,0
1886,-7,37,44,600,0
1887,-6,38,44,600,0
1888,-5,39,44,600,0
1889,-4,40,44,600,0
1890,-3,41,44,600,0
1891,-2,42,44,600,0
1892,-1,43,44,600,0
1893,0,44,44,600,0
1894,1,43,44,600,0
1895,2,42,44,600,0
1896,3,41,44,600,0
1897,4,40,44,600,0
1898,5,39,44,600,0
1899,6,38,44,600,0
1900,7,37,44,600,0
1901,8,36,44,600,0
1902,9,35,44,600,0
1903,10,34,44,600,0
1904,11,33,44,600,0
1905,12,32,44,600,0
1906,13,31,44,600,0
1907,14,30,44,600,0
1908,15,29,44,600,0
1909,16,28,44,600,0
1910,17,27,44,600,0
1911,18,26,44,600,0
1912,19,25,44,600,0
1913,20,24,44,600,0
1914,21,23,44,600,0
1915,22,22,44,600,0
1916,23,21,44,600,0
1917,24,20,44,600,0
1918,25,19,44,600,0
1919,26,18,44,600,0
1920,27,17,44,600,0
1921,28,16,44,600,0
1922,29,15,44,600,0
1923,30,14,44,600,0
1924,31,13,44,600,0
1925,32,12,44,600,0
1926,33,11,44,600,0
1927,34,10,44,600,0
1928,35,9,44,600,0
1929,36,8,44,600,0
1930,37,7,44,600,0
1931,38,6,44,600,0
1932,39,5,44,600,0
1933,40,4,44,600,0
1934,41,3,44,600,0
1935,42,2,44,600,0
1936,43,1,44,600,0
1937,-44,1,45,600,0
1938,-43,2,45,600,0
1939,-42,3,45,600,0
1940,-41,4,45,600,0
1941,-40,5,45,600,0
1942,-39,6,45,600,0
1943,-38,7,45,600,0
1944,-37,8,45,600,0
1945,-36,9,45,600,0
1946,-35,10,45,600,0
1947,-34,11,45,600,0
1948,-33,12,45,600,0
1949,-32,13,45,600,0
1950,-31,14,45,600,0
1951,-30,15,45,600,0
1952,-29,16,45,600,0
1953,-28,17,45,600,0
1954,-27,18,45,600,0
1955,-26,19,45,600,0
1956,-25,20,45,600,0
1957,-24,21,45,600,0
1958,-23,22,45,600,0
1959,-22,23,45,600,0
1960,-21,24,45,600,0
1961,-20,25,45,600,0
1962,-19,26,45,600,0
1963,-18,27,45,600,0
1964,-17,28,45,600,0
1965,-16,29,45,600,0
1966,-15,30,45,600,0
1967,-14,31,45,600,0
1968,-13,32,45,600,0
1969,-12,33,45,600,0
1970,-11,34,45,600,0
1971,-10,35,45,600,0
1972,-9,36,45,600,0
1973,-8,37,45,600,0
1974,-7,38,45,600,0
1975,-6,39,45,600,0
1976,-5,40,45,600,0
1977,-4,41,45,600,0
1978,-3,42,45,600,0
1979,-2,43,45,600,0
1980,-1,44,45,600,0
1981,0,45,45,600,0
1982,1,44,45,600,0
1983,2,43,45,600,0
1984,3,42,45,600,0
1985,4,41,45,600,0
1986,5,40,45,600,0
1987,6,39,45,600,0
1988,7,38,45,600,0
1989,8,37,45,600,0
1990,9,36,45,600,0
1991,10,35,45,600,0
1992,11,34,45,600,0
1993,12,33,45,600,0
1994,13,32,45,600,0
1995,14,31,45,600,0
1996,15,30,45,600,0
1997,16,29,45,600,0
1998,17,28,45,600,0
1999,18,27,45,600,0
2000,19,26,45,600,0
2001,20,25,45,600,0
2002,21,24,45,600,0
2003,22,23,45,600,0
2004,23,22,45,600,0
2005,24,21,45,600,0
2006,25,20,45,600,0
2007,26,19,45,600,0
2008,27,18,45,600,0
2009,28,17,45,600,0
2010,29,16,45,600,0
2011,30,15,45,600,0
2012,31,14,45,600,0
2013,32,13,45,600,0
2014,33,12,45,600,0
2015,34,11,45,600,0
2016,35,10,45,600,0
2017,36,9,45,600,0
2018,37,8,45,600,0
2019,38,7,45,600,0
2020,39,6,45,600,0
2021,40,5,45,600,0
2022,41,4,45,600,0
2023,42,3,45,600,0
2024,43,2,45,600,0
2025,44,1,45,600,0
2026,-45,1,46,600,0
2027,-44,2,46,600,0
2028,-43,3,46,600,0
2029,-42,4,46,600,0
2030,-41,5,46,600,0
2031,-40,6,46,600,0
2032,-39,7,46,600,0
2033,-38,8,46,600,0
2034,-37,9,46,600,0
2035,-36,10,46,600,0
2036,-35,11,46,600,0
2037,-34,12,46,600,0
2038,-33,13,46,600,0
2039,-32,14,46,600,0
2040,-31,15,46,600,0
2041,-30,16,46,600,0
2042,-29,17,46,600,0
2043,-28,18,46,600,0
2044,-27,19,46,600,0
2045,-26,20,46,600,0
2046,-25,21,46,600,0
2047,-24,22,46,600,0
2048,-23,23,46,600,0
2049,-22,24,46,600,0
2050,-21,25,46,600,0
2051,-20,26,46,600,0
2052,-19,27,46,600,0
2053,-18,28,46,600,0
2054,-17,29,46,600,0
2055,-16,30,46,600,0
2056,-15,31,46,600,0
2057,-14,32,46,600,0
2058,-13,33,46,600,0
2059,-12,34,46,600,0
2060,-11,35,46,600,0
2061,-10,36,46,600,0
2062,-9,37,46,600,0
2063,-8,38,46,600,0
2064,-7,39,46,600,0
2065,-6,40,46,600,0
2066,-5,41,46,600,0
2067,-4,42,46,600,0
2068,-3,43,46,600,0
2069,-2,44,46,600,0
2070,-1,45,46,600,0
2071,0,46,46,600,0
2072,1,45,46,600,0
2073,2,44,46,600,0
2074,3,43,46,600,0
2075,4,42,46,600,0
2076,5,41,46,600,0
2077,6,40,46,600,0
2078,7,39,46,600,0
2079,8,38,46,600,0
2080,9,37,46,600,0
2081,10,36,46,600,0
2082,11,35,46,600,0
2083,12,34,46,600,0
2084,13,33,46,600,0
2085,14,32,46,600,0
2086,15,31,46,600,0
2087,16,30,46,600,0
2088,17,29,46,600,0
2089,18,28,46,600,0
2090,19,27,46,600,0
2091,20,26,46,600,0
2092,21,25,46,600,0
2093,22,24,46,600,0
2094,23,23,46,600,0
2095,24,22,46,600,0
2096,25,21,46,600,0
2097,26,20,46,600,0
2098,27,19,46,600,0
2099,28,18,46,600,0
2100,29,17,46,600,0
2101,30,16,46,600,0
2102,31,15,46,600,0
2103,32,14,46,600,0
2104,33,13,46,600,0
2105,34,12,46,600,0
2106,35,11,46,600,0
2107,36,10,46,600,0
2108,37,9,46,600,0
2109,38,8,46,600,0
2110,39,7,46,600,0
2111,40,6,46,600,0
2112,41,5,46,600,0
2113,42,4,46,600,0
2114,43,3,46,600,0
2115,44,2,46,600,0
2116,45,1,46,600,0
2117,-46,1,47,600,0
2118,-45,2,47,600,0
2119,-44,3,47,600,0
2120,-43,4,47,600,0
2121,-42,5,47,600,0
2122,-41,6,47,600,0
2123,-40,7,47,600,0
2124,-39,8,47,600,0
2125,-38,9,47,600,0
2126,-37,10,47,600,0
2127,-36,11,47,600,0
2128,-35,12,47,600,0
2129,-34,13,47,600,0
2130,-33,14,47,600,0
2131,-32,15,47,600,0
2132,-31,16,47,600,0
2133,-30,17,47,600,0
2134,-29,18,47,600,0
2135,-28,19,47,600,0
2136,-27,20,47,600,0
2137,-26,21,47,600,0
2138,-25,22,47,600,0
2139,-24,23,47,600,0
2140,-23,24,47,600,0
2141,-22,25,47,600,0
2142,-21,26,47,600,0
2143,-20,27,47,600,0
2144,-19,28,47,600,0
2145,-18,29,47,600,0
2146,-17,30,47,600,0
2147,-16,31,47,600,0
2148,-15,32,47,600,0
2149,-14,33,47,600,0
2150,-13,34,47,600,0
2151,-12,35,47,600,0
2152,-11,36,47,600,0
2153,-10,37,47,600,0
2154,-9,38,47,600,0
2155,-8,39,47,600,0
2156,-7,40,47,600,0
2157,-6,41,47,600,0
2158,-5,42,47,600,0
2159,-4,43,47,600,0
2160,-3,44,47,600,0
2161,-2,45,47,600,0
2162,-1,46,47,600,0
2163,0,47,47,600,0
2164,1,46,47,600,0
2165,2,45,47,600,0
2166,3,44,47,600,0
2167,4,43,47,600,0
2168,5,42,47,600,0
2169,6,41,47,600,0
2170,7,40,47,600,0
2171,8,39,47,600,0
2172,9,38,47,600,0
2173,10,37,47,600,0
2174,11,36,47,600,0
2175,12,35,47,600,0
2176,13,34,47,600,0
2177,14,33,47,600,0
2178,15,32,47,600,0
2179,16,31,47,600,0
2180,17,30,47,600,0
2181,18,29,47,600,0
2182,19,28,47,600,0
2183,20,27,47,600,0
2184,21,26,47,600,0
2185,22,25,47,600,0
2186,23,24,47,600,0
2187,24,23,47,600,0
2188,25,22,47,600,0
2189,26,21,47,600,0
2190,27,20,47,600,0
2191,28,19,47,600,0
2192,29,18,47,600,0
2193,30,17,47,600,0
2194,31,16,47,600,0
2195,32,15,47,600,0
2196,33,14,47,600,0
2197,34,13,47,600,0
2198,35,12,47,600,0
2199,36,11,47,600,0
2200,37,10,47,600,0
2201,38,9,47,600,0
2202,39,8,47,600,0
2203,40,7,47,600,0
2204,41,6,47,600,0
2205,42,5,47,600,0
2206,43,4,47,600,0
2207,44,3,47,600,0
2208,45,2,47,600,0
2209,46,1,47,600,0
2210,-47,1,48,600,0
2211,-46,2,48,600,0
2212,-45,3,48,600,0
2213,-44,4,48,600,0
2214,-43,5,48,600,0
2215,-42,6,48,600,0
2216,-41,7,48,600,0
2217,-40,8,48,600,0
2218,-39,9,48,600,0
2219,-38,10,48,600,0
2220,-37,11,48,600,0
2221,-36,12,48,600,0
2222,-35,13,48,600,0
2223,-34,14,48,600,0
2224,-33,15,48,600,0
2225,-32,16,48,600,0
2226,-31,17,48,600,0
2227,-30,18,48,600,0
2228,-29,19,48,600,0
2229,-28,20,48,600,0
2230,-27,21,48,600,0
2231,-26,22,48,600,0
2232,-25,23,48,600,0
2233,-24,24,48,600,0
2234,-23,25,48,600,0
2235,-22,26,48,600,0
2236,-21,27,48,600,0
2237,-20,28,48,600,0
2238,-19,29,48,600,0
2239,-18,30,48,600,0
2240,-17,31,48,600,0
2241,-16,32,48,600,0
2242,-15,33,48,600,0
2243,-14,34,48,600,0
2244,-13,35,48,600,0
2245,-12,36,48,600,0
2246,-11,37,48,600,0
2247,-10,38,48,600,0
2248,-9,39,48,600,0
2249,-8,40,48,600,0
2250,-7,41,48,600,0
2251,-6,42,48,600,0
2252,-5,43,48,600,0
2253,-4,44,48,600,0
2254,-3,45,48,600,0
2255,-2,46,48,600,0
2256,-1,47,48,600,0
2257,0,48,48,600,0
2258,1,47,48,600,0
2259,2,46,48,600,0
2260,3,45,48,600,0
2261,4,44,48,600,0
2262,5,43,48,600,0
2263,6,42,48,600,0
2264,7,41,48,600,0
2265,8,40,48,600,0
2266,9,39,48,600,0
2267,10,38,48,600,0
2268,11,37,48,600,0
2269,12,36,48,600,0
2270,13,35,48,600,0
2271,14,34,48,600,0
2272,15,33,48,600,0
2273,16,32,48,600,0
2274,17,31,48,600,0
2275,18,30,48,600,0
2276,19,29,48,600,0
2277,20,28,48,600,0
2278,21,27,48,600,0
2279,22,26,48,600,0
2280,23,25,48,600,0
2281,24,24,48,600,0
2282,25,23,48,600,0
2283,26,22,48,600,0
2284,27,21,48,600,0
2285,28,20,48,600,0
2286,29,19,48,600,0
2287,30,18,48,600,0
2288,31,17,48,600,0
2289,32,16,48,600,0
2290,33,15,48,600,0
2291,34,14,48,600,0
2292,35,13,48,600,0
2293,36,12,48,600,0
2294,37,11,48,600,0
2295,38,10,48,600,0
2296,39,9,48,600,0
2297,40,8,48,600,0
2298,41,7,48,600,0
2299,42,6,48,600,0
2300,43,5,48,600,0
2301,44,4,48,600,0
2302,45,3,48,600,0
2303,46,2,48,600,0
2304,47,1,48,600,0
2305,-48,1,49,600,0
2306,-47,2,49,600,0
2307,-46,3,49,600,0
2308,-45,4,49,600,0
2309,-44,5,49,600,0
2310,-43,6,49,600,0
2311,-42,7,49,600,0
2312,-41,8,49,600,0
2313,-40,9,49,600,0
2314,-39,10,49,600,0
2315,-38,11,49,600,0
2316,-37,12,49,600,0
2317,-36,13,49,600,0
2318,-35,14,49,600,0
2319,-34,15,49,600,0
2320,-33,16,49,600,0
2321,-32,17,49,600,0
2322,-31,18,49,600,0
2323,-30,19,49,600,0
2324,-29,20,49,600,0
2325,-28,21,49,600,0
2326,-27,22,49,600,0
2327,-26,23,49,600,0
2328,-25,24,49,600,0
2329,-24,25,49,600,0
2330,-23,26,49,600,0
2331,-22,27,49,600,0
2332,-21,28,49,600,0
2333,-20,29,49,600,0
2334,-19,30,49,600,0
2335,-18,31,49,600,0
2336,-17,32,49,600,0
2337,-16,33,49,600,0
2338,-15,34,49,600,0
2339,-14,35,49,600,0
2340,-13,36,49,600,0
2341,-12,37,49,600,0
2342,-11,38,49,600,0
2343,-10,39,49,600,0
2344,-9,40,49,600,0
2345,-8,41,49,600,0
2346,-7,42,49,600,0
2347,-6,43,49,600,0
2348,-5,44,49,600,0
2349,-4,45,49,600,0
2350,-3,46,49,600,0
2351,-2,47,49,600,0
2352,-1,48,49,600,0
2353,0,49,49,600,0
2354,1,48,49,600,0
2355,2,47,49,600,0
2356,3,46,49,600,0
2357,4,45,49,600,0
2358,5,44,49,600,0
2359,6,43,49,600,0
2360,7,42,49,600,0
2361,8,41,49,600,0
2362,9,40,49,600,0
2363,10,39,49,600,0
2364,11,38,49,600,0
2365,12,37,49,600,0
2366,13,36,49,600,0
2367,14,35,49,600,0
2368,15,34,49,600,0
2369,16,33,49,600,0
2370,17,32,49,600,0
2371,18,31,49,600,0
2372,19,30,49,600,0
2373,20,29,49,600,0
2374,21,28,49,600,0
2375,22,27,49,600,0
2376,23,26,49,600,0
2377,24,25,49,600,0
2378,25,24,49,600,0
2379,26,23,49,600,0
2380,27,22,49,600,0
2381,28,21,49,600,0
2382,29,20,49,600,0
2383,30,19,49,600,0
2384,31,18,49,600,0
2385,32,17,49,600,0
2386,33,16,49,600,0
2387,34,15,49,600,0
2388,35,14,49,600,0
2389,36,13,49,600,0
2390,37,12,49,600,0
2391,38,11,49,600,0
2392,39,10,49,600,0
2393,40,9,49,600,0
2394,41,8,49,600,0
2395,42,7,49,600,0
2396,43,6,49,600,0
2397,44,5,49,600,0
2398,45,4,49,600,0
2399,46,3,49,600,0
2400,47,2,49,600,0
2401,48,1,49,600,0
2402,-49,1,50,600,0
2403,-48,2,50,600,0
2404,-47,3,50,600,0
2405,-46,4,50,600,0
2406,-45,5,50,600,0
2407,-44,6,50,600,0
2408,-43,7,50,600,0
2409,-42,8,50,600,0
2410,-41,9,50,600,0
2411,-40,10,50,600,0
2412,-39,11,50,600,0
2413,-38,12,50,600,0
2414,-37,13,50,600,0
2415,-36,14,50,600,0
2416,-35,15,50,600,0
2417,-34,16,50,600,0
2418,-33,17,50,600,0
2419,-32,18,50,600,0
2420,-31,19,50,600,0
2421,-30,20,50,600,0
2422,-29,21,50,600,0
2423,-28,22,50,600,0
2424,-27,23,50,600,0
2425,-26,24,50,600,0
2426,-25,25,50,600,0
2427,-24,26,50,600,0
2428,-23,27,50,600,0
2429,-22,28,50,600,0
2430,-21,29,50,600,0
2431,-20,30,50,600,0
2432,-19,31,50,600,0
2433,-18,32,50,600,0
2434,-17,33,50,600,0
2435,-16,34,50,600,0
2436,-15,35,50,600,0
2437,-14,36,50,600,0
2438,-13,37,50,600,0
2439,-12,38,50,600,0
2440,-11,39,50,600,0
2441,-10,40,50,600,0
2442,-9,41,50,600,0
2443,-8,42,50,600,0
2444,-7,43,50,600,0
2445,-6,44,50,600,0
2446,-5,45,50,600,0
2447,-4,46,50,600,0
2448,-3,47,50,600,0
2449,-2,48,50,600,0
2450,-1,49,50,600,0
2451,0,50,50,600,0
2452,1,49,50,600,0
2453,2,48,50,600,0
2454,3,47,50,600,0
2455,4,46,50,600,0
2456,5,45,50,600,0
2457,6,44,50,600,0
2458,7,43,50,600,0
2459,8,42,50,600,0
2460,9,41,50,600,0
2461,10,40,50,600,0
2462,11,39,50,600,0
2463,12,38,50,600,0
2464,13,37,50,600,0
2465,14,36,50,600,0
2466,15,35,50,600,0
2467,16,34,50,600,0
2468,17,33,50,600,0
2469,18,32,50,600,0
2470,19,31,50,600,0
2471,20,30,50,600,0
2472,21,29,50,600,0
2473,22,28,50,600,0
2474,23,27,50,600,0
2475,24,26,50,600,0
2476,25,25,50,600,0
2477,26,24,50,600,0
2478,27,23,50,600,0
2479,28,22,50,600,0
2480,29,21,50,600,0
2481,30,20,50,600,0
2482,31,19,50,600,0
2483,32,18,50,600,0
2484,33,17,50,600,0
2485,34,16,50,600,0
2486,35,15,50,600,0
2487,36,14,50,600,0
2488,37,13,50,600,0
2489,38,12,50,600,0
2490,39,11,50,600,0
2491,40,10,50,600,0
2492,41,9,50,600,0
2493,42,8,50,600,0
2494,43,7,50,600,0
2495,44,6,50,600,0
2496,45,5,50,600,0
2497,46,4,50,600,0
2498,47,3,50,600,0
2499,48,2,50,600,0
2500,49,1,50,600,0
2501,-50,1,51,600,0
2502,-49,2,51,600,0
2503,-48,3,51,600,0
2504,-47,4,51,600,0
2505,-46,5,51,600,0
2506,-45,6,51,600,0
2507,-44,7,51,600,0
2508,-43,8,51,600,0
2509,-42,9,51,600,0
2510,-41,10,51,600,0
2511,-40,11,51,600,0
2512,-39,12,51,600,0
2513,-38,13,51,600,0
2514,-37,14,51,600,0
2515,-36,15,51,600,0
2516,-35,16,51,600,0
2517,-34,17,51,600,0
2518,-33,18,51,600,0
2519,-32,19,51,600,0
2520,-31,20,51,600,0
2521,-30,21,51,600,0
2522,-29,22,51,600,0
2523,-28,23,51,600,0
2524,-27,24,51,600,0
2525,-26,25,51,600,0
2526,-25,26,51,600,0
2527,-24,27,51,600,0
2528,-23,28,51,600,0
2529,-22,29,51,600,0
2530,-21,30,51,600,0
2531,-20,31,51,600,0
2532,-19,32,51,600,0
2533,-18,33,51,600,0
2534,-17,34,51,600,0
2535,-16,35,51,600,0
2536,-15,36,51,600,0
2537,-14,37,51,600,0
2538,-13,38,51,600,0
2539,-12,39,51,600,0
2540,-11,40,51,600,0
2541,-10,41,51,600,0
2542,-9,42,51,600,0
2543,-8,43,51,600,0
2544,-7,44,51,600,0
2545,-6,45,51,600,0
2546,-5,46,51,600,0
2547,-4,47,51,600,0
2548,-3,48,51,600,0
2549,-2,49,51,600,0
2550,-1,50,51,600,0
2551,0,51,51,600,0
2552,1,50,51,600,0
2553,2,49,51,600,0
2554,3,48,51,600,0
2555,4,47,51,600,0
2556,5,46,51,600,0
2557,6,45,51,600,0
2558,7,44,51,600,0
2559,8,43,51,600,0
2560,9,42,51,600,0
2561,10,41,51,600,0
2562,11,40,51,600,0
2563,12,39,51,600,0
2564,13,38,51,600,0
2565,14,37,51,600,0
2566,15,36,51,600,0
2567,16,35,51,600,0
2568,17,34,51,600,0
2569,18,33,51,600,0
2570,19,32,51,600,0
2571,20,31,51,600,0
2572,21,30,51,600,0
2573,22,29,51,600,0
2574,23,28,51,600,0
2575,24,27,51,600,0
2576,25,26,51,600,0
2577,26,25,51,600,0
2578,27,24,51,600,0
2579,28,23,51,600,0
2580,29,22,51,600,0
2581,30,21,51,600,0
2582,31,20,51,600,0
2583,32,19,51,600,0
2584,33,18,51,600,0
2585,34,17,51,600,0
2586,35,16,51,600,0
2587,36,15,51,600,0
2588,37,14,51,600,0
2589,38,13,51,600,0
2590,39,12,51,600,0
2591,40,11,51,600,0
2592,41,10,51,600,0
2593,42,9,51,600,0
2594,43,8,51,600,0
2595,44,7,51,600,0
2596,45,6,51,600,0
2597,46,5,51,600,0
2598,47,4,51,600,0
2599,48,3,51,600,0
2600,49,2,51,600,0
2601,50,1,51,600,0
2602,-51,1,52,600,0
2603,-50,2,52,600,0
2604,-49,3,52,600,0
2605,-48,4,52,600,0
2606,-47,5,52,600,0
2607,-46,6,52,600,0
2608,-45,7,52,600,0
2609,-44,8,52,600,0
2610,-43,9,52,600,0
2611,-42,10,52,600,0
2612,-41,11,52,600,0
2613,-40,12,52,600,0
2614,-39,13,52,600,0
2615,-38,14,52,600,0
2616,-37,15,52,600,0
2617,-36,16,52,600,0
2618,-35,17,52,600,0
2619,-34,18,52,600,0
2620,-33,19,52,600,0
2621,-32,20,52,600,0
2622,-31,21,52,600,0
2623,-30,22,52,600,0
2624,-29,23,52,600,0
2625,-28,24,52,600,0
2626,-27,25,52,600,0
2627,-26,26,52,600,0
2628,-25,27,52,600,0
2629,-24,28,52,600,0
2630,-23,29,52,600,0
2631,-22,30,52,600,0
2632,-21,31,52,600,0
2633,-20,32,52,600,0
2634,-19,33,52,600,0
2635,-18,34,52,600,0
2636,-17,35,52,600,0
2637,-16,36,52,600,0
2638,-15,37,52,600,0
2639,-14,38,52,600,0
2640,-13,39,52,600,0
2641,-12,40,52,600,0
2642,-11,41,52,600,0
2643,-10,42,52,600,0
2644,-9,43,52,600,0
2645,-8,44,52,600,0
2646,-7,45,52,600,0
2647,-6,46,52,600,0
2648,-5,47,52,600,0
2649,-4,48,52,600,0
2650,-3,49,52,600,0
2651,-2,50,52,600,0
2652,-1,51,52,600,0
2653,0,52,52,600,0
2654,1,51,52,600,0
2655,2,50,52,600,0
2656,3,49,52,600,0
2657,4,48,52,600,0
2658,5,47,52,600,0
2659,6,46,52,600,0
2660,7,45,52,600,0
2661,8,44,52,600,0
2662,9,43,52,600,0
2663,10,42,52,600,0
2664,11,41,52,600,0
2665,12,40,52,600,0
2666,13,39,52,600,0
2667,14,38,52,600,0
2668,15,37,52,600,0
2669,16,36,52,600,0
2670,17,35,52,600,0
2671,18,34,52,600,0
2672,19,33,52,600,0
2673,20,32,52,600,0
2674,21,31,52,600,0
2675,22,30,52,600,0
2676,23,29,52,600,0
2677,24,28,52,600,0
2678,25,27,52,600,0
2679,26,26,52,600,0
2680,27,25,52,600,0
2681,28,24,52,600,0
2682,29,23,52,600,0
2683,30,22,52,600,0
2684,31,21,52,600,0
2685,32,20,52,600,0
2686,33,19,52,600,0
2687,34,18,52,600,0
2688,35,17,52,600,0
2689,36,16,52,600,0
2690,37,15,52,600,0
2691,38,14,52,600,0
2692,39,13,52,600,0
2693,40,12,52,600,0
2694,41,11,52,600,0
2695,42,10,52,600,0
2696,43,9,52,600,0
2697,44,8,52,600,0
2698,45,7,52,600,0
2699,46,6,52,600,0
2700,47,5,52,600,0
2701,48,4,52,600,0
2702,49,3,52,600,0
2703,50,2,52,600,0
2704,51,1,52,600,0
2705,-52,1,53,600,0
2706,-51,2,53,600,0
2707,-50,3,53,600,0
2708,-49,4,53,600,0
2709,-48,5,53,600,0
2710,-47,6,53,600,0
2711,-46,7,53,600,0
2712,-45,8,53,600,0
2713,-44,9,53,600,0
2714,-43,10,53,600,0
2715,-42,11,53,600,0
2716,-41,12,53,600,0
2717,-40,13,53,600,0
2718,-39,14,53,600,0
2719,-38,15,53,600,0
2720,-37,16,53,600,0
2721,-36,17,53,600,0
2722,-35,18,53,600,0
2723,-34,19,53,600,0
2724,-33,20,53,600,0
2725,-32,21,53,600,0
2726,-31,22,53,600,0
2727,-30,23,53,600,0
2728,-29,24,53,600,0
2729,-28,25,53,600,0
2730,-27,26,53,600,0
2731,-26,27,53,600,0
2732,-25,28,53,600,0
2733,-24,29,53,600,0
2734,-23,30,53,600,0
2735,-22,31,53,600,0
2736,-21,32,53,600,0
2737,-20,33,53,600,0
2738,-19,34,53,600,0
2739,-18,35,53,600,0
2740,-17,36,53,600,0
2741,-16,37,53,600,0
2742,-15,38,53,600,0
2743,-14,39,53,600,0
2744,-13,40,53,600,0
2745,-12,41,53,600,0
2746,-11,42,53,600,0
2747,-10,43,53,600,0
2748,-9,44,53,600,0
2749,-8,45,53,600,0
2750,-7,46,53,600,0
2751,-6,47,53,600,0
2752,-5,48,53,600,0
2753,-4,49,53,600,0
2754,-3,50,53,600,0
2755,-2,51,53,600,0
2756,-1,52,53,600,0
2757,0,53,53,600,0
2758,1,52,53,600,0
2759,2,51,53,600,0
2760,3,50,53,600,0
2761,4,49,53,600,0
2762,5,48,53,600,0
2763,6,47,53,600,0
2764,7,46,53,600,0
2765,8,45,53,600,0
2766,9,44,53,600,0
2767,10,43,53,600,0
2768,11,42,53,600,0
2769,12,41,53,600,0
2770,13,40,53,600,0
2771,14,39,53,600,0
2772,15,38,53,600,0
2773,16,37,53,600,0
2774,17,36,53,600,0
2775,18,35,53,600,0
2776,19,34,53,600,0
2777,20,33,53,600,0
2778,21,32,53,600,0
2779,22,31,53,600,0
2780,23,30,53,600,0
2781,24,29,53,600,0
2782,25,28,53,600,0
2783,26,27,53,600,0
2784,27,26,53,600,0
2785,28,25,53,600,0
2786,29,24,53,600,0
2787,30,23,53,600,0
2788,31,22,53,600,0
2789,32,21,53,600,0
2790,33,20,53,600,0
2791,34,19,53,600,0
2792,35,18,53,600,0
2793,36,17,53,600,0
2794,37,16,53,600,0
2795,38,15,53,600,0
2796,39,14,53,600,0
2797,40,13,53,600,0
2798,41,12,53,600,0
2799,42,11,53,600,0
2800,43,10,53,600,0
2801,44,9,53,600,0
2802,45,8,53,600,0
2803,46,7,53,600,0
2804,47,6,53,600,0
2805,48,5,53,600,0
2806,49,4,53,600,0
2807,50,3,53,600,0
2808,51,2,53,600,0
2809,52,1,53,600,0
2810,-53,1,54,600,0
2811,-52,2,54,600,0
2812,-51,3,54,600,0
2813,-50,4,54,600,0
2814,-49,5,54,600,0
2815,-48,6,54,600,0
2816,-47,7,54,600,0
2817,-46,8,54,600,0
2818,-45,9,54,600,0
2819,-44,10,54,600,0
2820,-43,11,54,600,0
2821,-42,12,54,600,0
2822,-41,13,54,600,0
2823,-40,14,54,600,0
2824,-39,15,54,600,0
2825,-38,16,54,600,0
2826,-37,17,54,600,0
2827,-36,18,54,600,0
2828,-35,19,54,600,0
2829,-34,20,54,600,0
2830,-33,21,54,600,0
2831,-32,22,54,600,0
2832,-31,23,54,600,0
2833,-30,24,54,600,0
2834,-29,25,54,600,0
2835,-28,26,54,600,0
2836,-27,27,54,600,0
2837,-26,28,54,600,0
2838,-25,29,54,600,0
2839,-24,30,54,600,0
2840,-23,31,54,600,0
2841,-22,32,54,600,0
2842,-21,33,54,600,0
2843,-20,34,54,600,0
2844,-19,35,54,600,0
2845,-18,36,54,600,0
2846,-17,37,54,600,0
2847,-16,38,54,600,0
2848,-15,39,54,600,0
2849,-14,40,54,600,0
2850,-13,41,54,600,0
2851,-12,42,54,600,0
2852,-11,43,54,600,0
2853,-10,44,54,600,0
2854,-9,45,54,600,0
2855,-8,46,54,600,0
2856,-7,47,54,600,0
2857,-6,48,54,600,0
2858,-5,49,54,600,0
2859,-4,50,54,600,0
2860,-3,51,54,600,0
2861,-2,52,54,600,0
2862,-1,53,54,600,0
2863,0,54,54,600,0
2864,1,53,54,600,0
2865,2,52,54,600,0
2866,3,51,54,600,0
2867,4,50,54,600,0
2868,5,49,54,600,0
2869,6,48,54,600,0
2870,7,47,54,600,0
2871,8,46,54,600,0
2872,9,45,54,600,0
2873,10,44,54,600,0
2874,11,43,54,600,0
2875,12,42,54,600,0
2876,13,41,54,600,0
2877,14,40,54,600,0
2878,15,39,54,600,0
2879,16,38,54,600,0
2880,17,37,54,600,0
2881,18,36,54,600,0
2882,19,35,54,600,0
2883,20,34,54,600,0
2884,21,33,54,600,0
2885,22,32,54,600,0
2886,23,31,54,600,0
2887,24,30,54,600,0
2888,25,29,54,600,0
2889,26,28,54,600,0
2890,27,27,54,600,0
2891,28,26,54,600,0
2892,29,25,54,600,0
2893,30,24,54,600,0
2894,31,23,54,600,0
2895,32,22,54,600,0
2896,33,21,54,600,0
2897,34,20,54,600,0
2898,35,19,54,600,0
2899,36,18,54,600,0
2900,37,17,54,600,0
2901,38,16,54,600,0
2902,39,15,54,600,0
2903,40,14,54,600,0
2904,41,13,54,600,0
2905,42,12,54,600,0
2906,43,11,54,600,0
2907,44,10,54,600,0
2908,45,9,54,600,0
2909,46,8,54,600,0
2910,47,7,54,600,0
2911,48,6,54,600,0
2912,49,5,54,600,0
2913,50,4,54,600,0
2914,51,3,54,600,0
2915,52,2,54,600,0
2916,53,1,54,600,0
2917,-54,1,55,600,0
2918,-53,2,55,600,0
2919,-52,3,55,600,0
2920,-51,4,55,600,0
2921,-50,5,55,600,0
2922,-49,6,55,600,0
2923,-48,7,55,600,0
2924,-47,8,55,600,0
2925,-46,9,55,600,0
2926,-45,10,55,600,0
2927,-44,11,55,600,0
2928,-43,12,55,600,0
2929,-42,13,55,600,0
2930,-41,14,55,600,0
2931,-40,15,55,600,0
2932,-39,16,55,600,0
2933,-38,17,55,600,0
2934,-37,18,55,600,0
2935,-36,19,55,600,0
2936,-35,20,55,600,0
2937,-34,21,55,600,0
2938,-33,22,55,600,0
2939,-32,23,55,600,0
2940,-31,24,55,600,0
2941,-30,25,55,600,0
2942,-29,26,55,600,0
2943,-28,27,55,600,0
2944,-27,28,55,600,0
2945,-26,29,55,600,0
2946,-25,30,55,600,0
2947,-24,31,55,600,0
2948,-23,32,55,600,0
2949,-22,33,55,600,0
2950,-21,34,55,600,0
2951,-20,35,55,600,0
2952,-19,36,55,600,0
2953,-18,37,55,600,0
2954,-17,38,55,600,0
2955,-16,39,55,600,0
2956,-15,40,55,600,0
2957,-14,41,55,600,0
2958,-13,42,55,600,0
2959,-12,43,55,600,0
2960,-11,44,55,600,0
2961,-10,45,55,600,0
2962,-9,46,55,600,0
2963,-8,47,55,600,0
2964,-7,48,55,600,0
2965,-6,49,55,600,0
2966,-5,50,55,600,0
2967,-4,51,55,600,0
2968,-3,52,55,600,0
2969,-2,53,55,600,0
2970,-1,54,55,600,0
2971,0,55,55,600,0
2972,1,54,55,600,0
2973,2,53,55,600,0
2974,3,52,55,600,0
2975,4,51,55,600,0
2976,5,50,55,600,0
2977,6,49,55,600,0
2978,7,48,55,600,0
2979,8,47,55,600,0
2980,9,46,55,600,0
2981,10,45,55,600,0
2982,11,44,55,600,0
2983,12,43,55,600,0
2984,13,42,55,600,0
2985,14,41,55,600,0
2986,15,40,55,600,0
2987,16,39,55,600,0
2988,17,38,55,600,0
2989,18,37,55,600,0
2990,19,36,55,600,0
2991,20,35,55,600,0
2992,21,34,55,600,0
2993,22,33,55,600,0
2994,23,32,55,600,0
2995,24,31,55,600,0
2996,25,30,55,600,0
2997,26,29,55,600,0
2998,27,28,55,600,0
2999,28,27,55,600,0
3000,29,26,55,600,0
3001,30,25,55,600,0
3002,31,24,55,600,0
3003,32,23,55,600,0
3004,33,22,55,600,0
3005,34,21,55,600,0
3006,35,20,55,600,0
3007,36,19,55,600,0
3008,37,18,55,600,0
3009,38,17,55,600,0
3010,39,16,55,600,0
3011,40,15,55,600,0
3012,41,14,55,600,0
3013,42,13,55,600,0
3014,43,12,55,600,0
3015,44,11,55,600,0
3016,45,10,55,600,0
3017,46,9,55,600,0
3018,47,8,55,600,0
3019,48,7,55,600,0
3020,49,6,55,600,0
3021,50,5,55,600,0
3022,51,4,55,600,0
3023,52,3,55,600,0
3024,53,2,55,600,0
3025,54,1,55,600,0
3026,-55,1,56,600,0
3027,-54,2,56,600,0
3028,-53,3,56,600,0
3029,-52,4,56,600,0
3030,-51,5,56,600,0
3031,-50,6,56,600,0
3032,-49,7,56,600,0
3033,-48,8,56,600,0
3034,-47,9,56,600,0
3035,-46,10,56,600,0
3036,-45,11,56,600,0
3037,-44,12,56,600,0
3038,-43,13,56,600,0
3039,-42,14,56,600,0
3040,-41,15,56,600,0
3041,-40,16,56,600,0
3042,-39,17,56,600,0
3043,-38,18,56,600,0
3044,-37,19,56,600,0
3045,-36,20,56,600,0
3046,-35,21,56,600,0
3047,-34,22,56,600,0
3048,-33,23,56,600,0
3049,-32,24,56,600,0
3050,-31,25,56,600,0
3051,-30,26,56,600,0
3052,-29,27,56,600,0
3053,-28,28,56,600,0
3054,-27,29,56,600,0
3055,-26,30,56,600,0
3056,-25,31,56,600,0
3057,-24,32,56,600,0
3058,-23,33,56,600,0
3059,-22,34,56,600,0
3060,-21,35,56,600,0
3061,-20,36,56,600,0
3062,-19,37,56,600,0
3063,-18,38,56,600,0
3064,-17,39,56,600,0
3065,-16,40,56,600,0
3066,-15,41,56,600,0
3067,-14,42,56,600,0
3068,-13,43,56,600,0
3069,-12,44,56,600,0
3070,-11,45,56,600,0
3071,-10,46,56,600,0
3072,-9,47,56,600,0
3073,-8,48,56,600,0
3074,-7,49,56,600,0
3075,-6,50,56,600,0
3076,-5,51,56,600,0
3077,-4,52,56,600,0
3078,-3,53,56,600,0
3079,-2,54,56,600,0
3080,-1,55,56,600,0
3081,0,56,56,600,0
3082,1,55,56,600,0
3083,2,54,56,600,0
3084,3,53,56,600,0
3085,4,52,56,600,0
3086,5,51,56,600,0
3087,6,50,56,600,0
3088,7,49,56,600,0
3089,8,48,56,600,0
3090,9,47,56,600,0
3091,10,46,56,600,0
3092,11,45,56,600,0
3093,12,44,56,600,0
3094,13,43,56,600,0
3095,14,42,56,600,0
3096,15,41,56,600,0
3097,16,40,56,600,0
3098,17,39,56,600,0
3099,18,38,56,600,0
3100,19,37,56,600,0
3101,20,36,56,600,0
3102,21,35,56,600,0
3103,22,34,56,600,0
3104,23,33,56,600,0
3105,24,32,56,600,0
3106,25,31,56,600,0
3107,26,30,56,600,0
3108,27,29,56,600,0
3109,28,28,56,600,0
3110,29,27,56,600,0
3111,30,26,56,600,0
3112,31,25,56,600,0
3113,32,24,56,600,0
3114,33,23,56,600,0
3115,34,22,56,600,0
3116,35,21,56,600,0
3117,36,20,56,600,0
3118,37,19,56,600,0
3119,38,18,56,600,0
3120,39,17,56,600,0
3121,40,16,56,600,0
3122,41,15,56,600,0
3123,42,14,56,600,0
3124,43,13,56,600,0
3125,44,12,56,600,0
3126,45,11,56,600,0
3127,46,10,56,600,0
3128,47,9,56,600,0
3129,48,8,56,600,0
3130,49,7,56,600,0
3131,50,6,56,600,0
3132,51,5,56,600,0
3133,52,4,56,600,0
3134,53,3,56,600,0
3135,54,2,56,600,0
3136,55,1,56,600,0
3137,-56,1,57,600,0
3138,-55,2,57,600,0
3139,-54,3,57,600,0
3140,-53,4,57,600,0
3141,-52,5,57,600,0
3142,-51,6,57,600,0
3143,-50,7,57,600,0
3144,-49,8,57,600,0
3145,-48,9,57,600,0
3146,-47,10,57,600,0
3147,-46,11,57,600,0
3148,-45,12,57,600,0
3149,-44,13,57,600,0
3150,-43,14,57,600,0
3151,-42,15,57,600,0
3152,-41,16,57,600,0
3153,-40,17,57,600,0
3154,-39,18,57,600,0
3155,-38,19,57,600,0
3156,-37,20,57,600,0
3157,-36,21,57,600,0
3158,-35,22,57,600,0
3159,-34,23,57,600,0
3160,-33,24,57,600,0
3161,-32,25,57,600,0
3162,-31,26,57,600,0
3163,-30,27,57,600,0
3164,-29,28,57,600,0
3165,-28,29,57,600,0
3166,-27,30,57,600,0
3167,-26,31,57,600,0
3168,-25,32,57,600,0
3169,-24,33,57,600,0
3170,-23,34,57,600,0
3171,-22,35,57,600,0
3172,-21,36,57,600,0
3173,-20,37,57,600,0
3174,-19,38,57,600,0
3175,-18,39,57,600,0
3176,-17,40,57,600,0
3177,-16,41,57,600,0
3178,-15,42,57,600,0
3179,-14,43,57,600,0
3180,-13,44,57,600,0
3181,-12,45,57,600,0
3182,-11,46,57,600,0
3183,-10,47,57,600,0
3184,-9,48,57,600,0
3185,-8,49,57,600,0
3186,-7,50,57,600,0
3187,-6,51,57,600,0
3188,-5,52,57,600,0
3189,-4,53,57,600,0
3190,-3,54,57,600,0
3191,-2,55,57,600,0
3192,-1,56,57,600,0
3193,0,57,57,600,0
3194,1,56,57,600,0
3195,2,55,57,600,0
3196,3,54,57,600,0
3197,4,53,57,600,0
3198,5,52,57,600,0
3199,6,51,57,600,0
3200,7,50,57,600,0
3201,8,49,57,600,0
3202,9,48,57,600,0
3203,10,47,57,600,0
3204,11,46,57,600,0
3205,12,45,57,600,0
3206,13,44,57,600,0
3207,14,43,57,600,0
3208,15,42,57,600,0
3209,16,41,57,600,0
3210,17,40,57,600,0
3211,18,39,57,600,0
3212,19,38,57,600,0
3213,20,37,57,600,0
3214,21,36,57,600,0
3215,22,35,57,600,0
3216,23,34,57,600,0
3217,24,33,57,600,0
3218,25,32,57,600,0
3219,26,31,57,600,0
3220,27,30,57,600,0
3221,28,29,57,600,0
3222,29,28,57,600,0
3223,30,27,57,600,0
3224,31,26,57,600,0
3225,32,25,57,600,0
3226,33,24,57,600,0
3227,34,23,57,600,0
3228,35,22,57,600,0
3229,36,21,57,600,0
3230,37,20,57,600,0
3231,38,19,57,600,0
3232,39,18,57,600,0
3233,40,17,57,600,0
3234,41,16,57,600,0
3235,42,15,57,600,0
3236,43,14,57,600,0
3237,44,13,57,600,0
3238,45,12,57,600,0
3239,46,11,57,600,0
3240,47,10,57,600,0
3241,48,9,57,600,0
3242,49,8,57,600,0
3243,50,7,57,600,0
3244,51,6,57,600,0
3245,52,5,57,600,0
3246,53,4,57,600,0
3247,54,3,57,600,0
3248,55,2,57,600,0
3249,56,1,57,600,0
3250,-57,1,58,600,0
3251,-56,2,58,600,0
3252,-55,3,58,600,0
3253,-54,4,58,600,0
3254,-53,5,58,600,0
3255,-52,6,58,600,0
3256,-51,7,58,600,0
3257,-50,8,58,600,0
3258,-49,9,58,600,0
3259,-48,10,58,600,0
3260,-47,11,58,600,0
3261,-46,12,58,600,0
3262,-45,13,58,600,0
3263,-44,14,58,600,0
3264,-43,15,58,600,0
3265,-42,16,58,600,0
3266,-41,17,58,600,0
3267,-40,18,58,600,0
3268,-39,19,58,600,0
3269,-38,20,58,600,0
3270,-37,21,58,600,0
3271,-36,22,58,600,0
3272,-35,23,58,600,0
3273,-34,24,58,600,0
3274,-33,25,58,600,0
3275,-32,26,58,600,0
3276,-31,27,58,600,0
3277,-30,28,58,600,0
3278,-29,29,58,600,0
3279,-28,30,58,600,0
3280,-27,31,58,600,0
3281,-26,32,58,600,0
3282,-25,33,58,600,0
3283,-24,34,58,600,0
3284,-23,35,58,600,0
3285,-22,36,58,600,0
3286,-21,37,58,600,0
3287,-20,38,58,600,0
3288,-19,39,58,600,0
3289,-18,40,58,600,0
3290,-17,41,58,600,0
3291,-16,42,58,600,0
3292,-15,43,58,600,0
3293,-14,44,58,600,0
3294,-13,45,58,600,0
3295,-12,46,58,600,0
3296,-11,47,58,600,0
3297,-10,48,58,600,0
3298,-9,49,58,600,0
3299,-8,50,58,600,0
3300,-7,51,58,600,0
3301,-6,52,58,600,0
3302,-5,53,58,600,0
3303,-4,54,58,600,0
3304,-3,55,58,600,0
3305,-2,56,58,600,0
3306,-1,57,58,600,0
3307,0,58,58,600,0
3308,1,57,58,600,0
3309,2,56,58,600,0
3310,3,55,58,600,0
3311,4,54,58,600,0
3312,5,53,58,600,0
3313,6,52,58,600,0
3314,7,51,58,600,0
3315,8,50,58,600,0
3316,9,49,58,600,0
3317,10,48,58,600,0
3318,11,47,58,600,0
3319,12,46,58,600,0
3320,13,45,58,600,0
3321,14,44,58,600,0
3322,15,43,58,600,0
3323,16,42,58,600,0
3324,17,41,58,600,0
3325,18,40,58,600,0
3326,19,39,58,600,0
3327,20,38,58,600,0
3328,21,37,58,600,0
3329,22,36,58,600,0
3330,23,35,58,600,0
3331,24,34,58,600,0
3332,25,33,58,600,0
3333,26,32,58,600,0
3334,27,31,58,600,0
3335,28,30,58,600,0
3336,29,29,58,600,0
3337,30,28,58,600,0
3338,31,27,58,600,0
3339,32,26,58,600,0
3340,33,25,58,600,0
3341,34,24,58,600,0
3342,35,23,58,600,0
3343,36,22,58,600,0
3344,37,21,58,600,0
3345,38,20,58,600,0
3346,39,19,58,600,0
3347,40,18,58,600,0
3348,41,17,58,600,0
3349,42,16,58,600,0
3350,43,15,58,600,0
3351,44,14,58,600,0
3352,45,13,58,600,0
3353,46,12,58,600,0
3354,47,11,58,600,0
3355,48,10,58,600,0
3356,49,9,58,600,0
3357,50,8,58,600,0
3358,51,7,58,600,0
3359,52,6,58,600,0
3360,53,5,58,600,0
3361,54,4,58,600,0
3362,55,3,58,600,0
3363,56,2,58,600,0
3364,57,1,58,600,0
3365,-58,1,59,600,0
3366,-57,2,59,600,0
3367,-56,3,59,600,0
3368,-55,4,59,600,0
3369,-54,5,59,600,0
3370,-53,6,59,600,0
3371,-52,7,59,600,0
3372,-51,8,59,600,0
3373,-50,9,59,600,0
3374,-49,10,59,600,0
3375,-48,11,59,600,0
3376,-47,12,59,600,0
3377,-46,13,59,600,0
3378,-45,14,59,600,0
3379,-44,15,59,600,0
3380,-43,16,59,600,0
3381,-42,17,59,600,0
3382,-41,18,59,600,0
3383,-40,19,59,600,0
3384,-39,20,59,600,0
3385,-38,21,59,600,0
3386,-37,22,59,600,0
3387,-36,23,59,600,0
3388,-35,24,59,600,0
3389,-34,25,59,600,0
3390,-33,26,59,600,0
3391,-32,27,59,600,0
3392,-31,28,59,600,0
3393,-30,29,59,600,0
3394,-29,30,59,600,0
3395,-28,31,59,600,0
3396,-27,32,59,600,0
3397,-26,33,59,600,0
3398,-25,34,59,600,0
3399,-24,35,59,600,0
3400,-23,36,59,600,0
3401,-22,37,59,600,0
3402,-21,38,59,600,0
3403,-20,39,59,600,0
3404,-19,40,59,600,0
3405,-18,41,59,600,0
3406,-17,42,59,600,0
3407,-16,43,59,600,0
3408,-15,44,59,600,0
3409,-14,45,59,600,0
3410,-13,46,59,600,0
3411,-12,47,59,600,0
3412,-11,48,59,600,0
3413,-10,49,59,600,0
3414,-9,50,59,600,0
3415,-8,51,59,600,0
3416,-7,52,59,600,0
3417,-6,53,59,600,0
3418,-5,54,59,600,0
3419,-4,55,59,600,0
3420,-3,56,59,600,0
3421,-2,57,59,600,0
3422,-1,58,59,600,0
3423,0,59,59,600,0
3424,1,58,59,600,0
3425,2,57,59,600,0
3426,3,56,59,600,0
3427,4,55,59,600,0
3428,5,54,59,600,0
3429,6,53,59,600,0
3430,7,52,59,600,0
3431,8,51,59,600,0
3432,9,50,59,600,0
3433,10,49,59,600,0
3434,11,48,59,600,0
3435,12,47,59,600,0
3436,13,46,59,600,0
3437,14,45,59,600,0
3438,15,44,59,600,0
3439,16,43,59,600,0
3440,17,42,59,600,0
3441,18,41,59,600,0
3442,19,40,59,600,0
3443,20,39,59,600,0
3444,21,38,59,600,0
3445,22,37,59,600,0
3446,23,36,59,600,0
3447,24,35,59,600,0
3448,25,34,59,600,0
3449,26,33,59,600,0
3450,27,32,59,600,0
3451,28,31,59,600,0
3452,29,30,59,600,0
3453,30,29,59,600,0
3454,31,28,59,600,0
3455,32,27,59,600,0
3456,33,26,59,600,0
3457,34,25,59,600,0
3458,35,24,59,600,0
3459,36,23,59,600,0
3460,37,22,59,600,0
3461,38,21,59,600,0
3462,39,20,59,600,0
3463,40,19,59,600,0
3464,41,18,59,600,0
3465,42,17,59,600,0
3466,43,16,59,600,0
3467,44,15,59,600,0
3468,45,14,59,600,0
3469,46,13,59,600,0
3470,47,12,59,600,0
3471,48,11,59,600,0
3472,49,10,59,600,0
3473,50,9,59,600,0
3474,51,8,59,600,0
3475,52,7,59,600,0
3476,53,6,59,600,0
3477,54,5,59,600,0
3478,55,4,59,600,0
3479,56,3,59,600,0
3480,57,2,59,600,0
3481,58,1,59,600,0
3482,-59,1,60,600,0
3483,-58,2,60,600,0
3484,-57,3,60,600,0
3485,-56,4,60,600,0
3486,-55,5,60,600,0
3487,-54,6,60,600,0
3488,-53,7,60,600,0
3489,-52,8,60,600,0
3490,-51,9,60,600,0
3491,-50,10,60,600,0
3492,-49,11,60,600,0
3493,-48,12,60,600,0
3494,-47,13,60,600,0
3495,-46,14,60,600,0
3496,-45,15,60,600,0
3497,-44,16,60,600,0
3498,-43,17,60,600,0
3499,-42,18,60,600,0
3500,-41,19,60,600,0
3501,-40,20,60,600,0
3502,-39,21,60,600,0
3503,-38,22,60,600,0
3504,-37,23,60,600,0
3505,-36,24,60,600,0
3506,-35,25,60,600,0
3507,-34,26,60,600,0
3508,-33,27,60,600,0
3509,-32,28,60,600,0
3510,-31,29,60,600,0
3511,-30,30,60,600,0
3512,-29,31,60,600,0
3513,-28,32,60,600,0
3514,-27,33,60,600,0
3515,-26,34,60,600,0
3516,-25,35,60,600,0
3517,-24,36,60,600,0
3518,-23,37,60,600,0
3519,-22,38,60,600,0
3520,-21,39,60,600,0
3521,-20,40,60,600,0
3522,-19,41,60,600,0
3523,-18,42,60,600,0
3524,-17,43,60,600,0
3525,-16,44,60,600,0
3526,-15,45,60,600,0
3527,-14,46,60,600,0
3528,-13,47,60,600,0
3529,-12,48,60,600,0
3530,-11,49,60,600,0
3531,-10,50,60,600,0
3532,-9,51,60,600,0
3533,-8,52,60,600,0
3534,-7,53,60,600,0
3535,-6,54,60,600,0
3536,-5,55,60,600,0
3537,-4,56,60,600,0
3538,-3,57,60,600,0
3539,-2,58,60,600,0
3540,-1,59,60,600,0
3541,0,60,60,600,0
3542,1,59,60,600,0
3543,2,58,60,600,0
3544,3,57,60,600,0
3545,4,56,60,600,0
3546,5,55,60,600,0
3547,6,54,60,600,0
3548,7,53,60,600,0
3549,8,52,60,600,0
3550,9,51,60,600,0
3551,10,50,60,600,0
3552,11,49,60,600,0
3553,12,48,60,600,0
3554,13,47,60,600,0
3555,14,46,60,600,0
3556,15,45,60,600,0
3557,16,44,60,600,0
3558,17,43,60,600,0
3559,18,42,60,600,0
3560,19,41,60,600,0
3561,20,40,60,600,0
3562,21,39,60,600,0
3563,22,38,60,600,0
3564,23,37,60,600,0
3565,24,36,60,600,0
3566,25,35,60,600,0
3567,26,34,60,600,0
3568,27,33,60,600,0
3569,28,32,60,600,0
3570,29,31,60,600,0
3571,30,30,60,600,0
3572,31,29,60,600,0
3573,32,28,60,600,0
3574,33,27,60,600,0
3575,34,26,60,600,0
3576,35,25,60,600,0
3577,36,24,60,600,0
3578,37,23,60,600,0
3579,38,22,60,600,0
3580,39,21,60,600,0
3581,40,20,60,600,0
3582,41,19,60,600,0
3583,42,18,60,600,0
3584,43,17,60,600,0
3585,44,16,60,600,0
3586,45,15,60,600,0
3587,46,14,60,600,0
3588,47,13,60,600,0
3589,48,12,60,600,0
3590,49,11,60,600,0
3591,50,10,60,600,0
3592,51,9,60,600,0
3593,52,8,60,600,0
3594,53,7,60,600,0
3595,54,6,60,600,0
3596,55,5,60,600,0
3597,56,4,60,600,0
3598,57,3,60,600,0
3599,58,2,60,600,0
3600,59,1,60,600,0
3601,-60,1,61,600,0
3602,-59,2,61,600,0
3603,-58,3,61,600,0
3604,-57,4,61,600,0
3605,-56,5,61,600,0
3606,-55,6,61,600,0
3607,-54,7,61,600,0
3608,-53,8,61,600,0
3609,-52,9,61,600,0
3610,-51,10,61,600,0
3611,-50,11,61,600,0
3612,-49,12,61,600,0
3613,-48,13,61,600,0
3614,-47,14,61,600,0
3615,-46,15,61,600,0
3616,-45,16,61,600,0
3617,-44,17,61,600,0
3618,-43,18,61,600,0
3619,-42,19,61,600,0
3620,-41,20,61,600,0
3621,-40,21,61,600,0
3622,-39,22,61,600,0
3623,-38,23,61,600,0
3624,-37,24,61,600,0
3625,-36,25,61,600,0
3626,-35,26,61,600,0
3627,-34,27,61,600,0
3628,-33,28,61,600,0
3629,-32,29,61,600,0
3630,-31,30,61,600,0
3631,-30,31,61,600,0
3632,-29,32,61,600,0
3633,-28,33,61,600,0
3634,-27,34,61,600,0
3635,-26,35,61,600,0
3636,-25,36,61,600,0
3637,-24,37,61,600,0
3638,-23,38,61,600,0
3639,-22,39,61,600,0
3640,-21,40,61,600,0
3641,-20,41,61,600,0
3642,-19,42,61,600,0
3643,-18,43,61,600,0
3644,-17,44,61,600,0
3645,-16,45,61,600,0
3646,-15,46,61,600,0
3647,-14,47,61,600,0
3648,-13,48,61,600,0
3649,-12,49,61,600,0
3650,-11,50,61,600,0
3651,-10,51,61,600,0
3652,-9,52,61,600,0
3653,-8,53,61,600,0
3654,-7,54,61,600,0
3655,-6,55,61,600,0
3656,-5,56,61,600,0
3657,-4,57,61,600,0
3658,-3,58,61,600,0
3659,-2,59,61,600,0
3660,-1,60,61,600,0
3661,0,61,61,600,0
3662,1,60,61,600,0
3663,2,59,61,600,0
3664,3,58,61,600,0
3665,4,57,61,600,0
3666,5,56,61,600,0
3667,6,55,61,600,0
3668,7,54,61,600,0
3669,8,53,61,600,0
3670,9,52,61,600,0
3671,10,51,61,600,0
3672,11,50,61,600,0
3673,12,49,61,600,0
3674,13,48,61,600,0
3675,14,47,61,600,0
3676,15,46,61,600,0
3677,16,45,61,600,0
3678,17,44,61,600,0
3679,18,43,61,600,0
3680,19,42,61,600,0
3681,20,41,61,600,0
3682,21,40,61,600,0
3683,22,39,61,600,0
3684,23,38,61,600,0
3685,24,37,61,600,0
3686,25,36,61,600,0
3687,26,35,61,600,0
3688,27,34,61,600,0
3689,28,33,61,600,0
3690,29,32,61,600,0
3691,30,31,61,600,0
3692,31,30,61,600,0
3693,32,29,61,600,0
3694,33,28,61,600,0
3695,34,27,61,600,0
3696,35,26,61,600,0
3697,36,25,61,600,0
3698,37,24,61,600,0
3699,38,23,61,600,0
3700,39,22,61,600,0
3701,40,21,61,600,0
3702,41,20,61,600,0
3703,42,19,61,600,0
3704,43,18,61,600,0
3705,44,17,61,600,0
3706,45,16,61,600,0
3707,46,15,61,600,0
3708,47,14,61,600,0
3709,48,13,61,600,0
3710,49,12,61,600,0
3711,50,11,61,600,0
3712,51,10,61,600,0
3713,52,9,61,600,0
3714,53,8,61,600,0
3715,54,7,61,600,0
3716,55,6,61,600,0
3717,56,5,61,600,0
3718,57,4,61,600,0
3719,58,3,61,600,0
3720,59,2,61,600,0
3721,60,1,61,600,0
3722,-61,1,62,600,0
3723,-60,2,62,600,0
3724,-59,3,62,600,0
3725,-58,4,62,600,0
3726,-57,5,62,600,0
3727,-56,6,62,600,0
3728,-55,7,62,600,0
3729,-54,8,62,600,0
3730,-53,9,62,600,0
3731,-52,10,62,600,0
3732,-51,11,62,600,0
3733,-50,12,62,600,0
3734,-49,13,62,600,0
3735,-48,14,62,600,0
3736,-47,15,62,600,0
3737,-46,16,62,600,0
3738,-45,17,62,600,0
3739,-44,18,62,600,0
3740,-43,19,62,600,0
3741,-42,20,62,600,0
3742,-41,21,62,600,0
3743,-40,22,62,600,0
3744,-39,23,62,600,0
3745,-38,24,62,600,0
3746,-37,25,62,600,0
3747,-36,26,62,600,0
3748,-35,27,62,600,0
3749,-34,28,62,600,0
3750,-33,29,62,600,0
3751,-32,30,62,600,0
3752,-31,31,62,600,0
3753,-30,32,62,600,0
3754,-29,33,62,600,0
3755,-28,34,62,600,0
3756,-27,35,62,600,0
3757,-26,36,62,600,0
3758,-25,37,62,600,0
3759,-24,38,62,600,0
3760,-23,39,62,600,0
3761,-22,40,62,600,0
3762,-21,41,62,600,0
3763,-20,42,62,600,0
3764,-19,43,62,600,0
3765,-18,44,62,600,0
3766,-17,45,62,600,0
3767,-16,46,62,600,0
3768,-15,47,62,600,0
3769,-14,48,62,600,0
3770,-13,49,62,600,0
3771,-12,50,62,600,0
3772,-11,51,62,600,0
3773,-10,52,62,600,0
3774,-9,53,62,600,0
3775,-8,54,62,600,0
3776,-7,55,62,600,0
3777,-6,56,62,600,0
3778,-5,57,62,600,0
3779,-4,58,62,600,0
3780,-3,59,62,600,0
3781,-2,60,62,600,0
3782,-1,61,62,600,0
3783,0,62,62,600,0
3784,1,61,62,600,0
3785,2,60,62,600,0
3786,3,59,62,600,0
3787,4,58,62,600,0
3788,5,57,62,600,0
3789,6,56,62,600,0
3790,7,55,62,600,0
3791,8,54,62,600,0
3792,9,53,62,600,0
3793,10,52,62,600,0
3794,11,51,62,600,0
3795,12,50,62,600,0
3796,13,49,62,600,0
3797,14,48,62,600,0
3798,15,47,62,600,0
3799,16,46,62,600,0
3800,17,45,62,600,0
3801,18,44,62,600,0
3802,19,43,62,600,0
3803,20,42,62,600,0
3804,21,41,62,600,0
3805,22,40,62,600,0
3806,23,39,62,600,0
3807,24,38,62,600,0
3808,25,37,62,600,0
3809,26,36,62,600,0
3810,27,35,62,600,0
3811,28,34,62,600,0
3812,29,33,62,600,0
3813,30,32,62,600,0
3814,31,31,62,600,0
3815,32,30,62,600,0
3816,33,29,62,600,0
3817,34,28,62,600,0
3818,35,27,62,600,0
3819,36,26,62,600,0
3820,37,25,62,600,0
3821,38,24,62,600,0
3822,39,23,62,600,0
3823,40,22,62,600,0
3824,41,21,62,600,0
3825,42,20,62,600,0
3826,43,19,62,600,0
3827,44,18,62,600,0
3828,45,17,62,600,0
3829,46,16,62,600,0
3830,47,15,62,600,0
3831,48,14,62,600,0
3832,49,13,62,600,0
3833,50,12,62,600,0
3834,51,11,62,600,0
3835,52,10,62,600,0
3836,53,9,62,600,0
3837,54,8,62,600,0
3838,55,7,62,600,0
3839,56,6,62,600,0
3840,57,5,62,600,0
3841,58,4,62,600,0
3842,59,3,62,600,0
3843,60,2,62,600,0
3844,61,1,62,600,0
3845,-62,1,63,600,0
3846,-61,2,63,600,0
3847,-60,3,63,600,0
3848,-59,4,63,600,0
3849,-58,5,63,600,0
3850,-57,6,63,600,0
3851,-56,7,63,600,0
3852,-55,8,63,600,0
3853,-54,9,63,600,0
3854,-53,10,63,600,0
3855,-52,11,63,600,0
3856,-51,12,63,600,0
3857,-50,13,63,600,0
3858,-49,14,63,600,0
3859,-48,15,63,600,0
3860,-47,16,63,600,0
3861,-46,17,63,600,0
3862,-45,18,63,600,0
3863,-44,19,63,600,0
3864,-43,20,63,600,0
3865,-42,21,63,600,0
3866,-41,22,63,600,0
3867,-40,23,63,600,0
3868,-39,24,63,600,0
3869,-38,25,63,600,0
3870,-37,26,63,600,0
3871,-36,27,63,600,0
3872,-35,28,63,600,0
3873,-34,29,63,600,0
3874,-33,30,63,600,0
3875,-32,31,63,600,0
3876,-31,32,63,600,0
3877,-30,33,63,600,0
3878,-29,34,63,600,0
3879,-28,35,63,600,0
3880,-27,36,63,600,0
3881,-26,37,63,600,0
3882,-25,38,63,600,0
3883,-24,39,63,600,0
3884,-23,40,63,600,0
3885,-22,41,63,600,0
3886,-21,42,63,600,0
3887,-20,43,63,600,0
3888,-19,44,63,600,0
3889,-18,45,63,600,0
3890,-17,46,63,600,0
3891,-16,47,63,600,0
3892,-15,48,63,600,0
3893,-14,49,63,600,0
3894,-13,50,63,600,0
3895,-12,51,63,600,0
3896,-11,52,63,600,0
3897,-10,53,63,600,0
3898,-9,54,63,600,0
3899,-8,55,63,600,0
3900,-7,56,63,600,0
3901,-6,57,63,600,0
3902,-5,58,63,600,0
3903,-4,59,63,600,0
3904,-3,60,63,600,0
3905,-2,61,63,600,0
3906,-1,62,63,600,0
3907,0,63,63,600,0
3908,1,62,63,600,0
3909,2,61,63,600,0
3910,3,60,63,600,0
3911,4,59,63,600,0
3912,5,58,63,600,0
3913,6,57,63,600,0
3914,7,56,63,600,0
3915,8,55,63,600,0
3916,9,54,63,600,0
3917,10,53,63,600,0
3918,11,52,63,600,0
3919,12,51,63,600,0
3920,13,50,63,600,0
3921,14,49,63,600,0
3922,15,48,63,600,0
3923,16,47,63,600,0
3924,17,46,63,600,0
3925,18,45,63,600,0
3926,19,44,63,600,0
3927,20,43,63,600,0
3928,21,42,63,600,0
3929,22,41,63,600,0
3930,23,40,63,600,0
3931,24,39,63,600,0
3932,25,38,63,600,0
3933,26,37,63,600,0
3934,27,36,63,600,0
3935,28,35,63,600,0
3936,29,34,63,600,0
3937,30,33,63,600,0
3938,31,32,63,600,0
3939,32,31,63,600,0
3940,33,30,63,600,0
3941,34,29,63,600,0
3942,35,28,63,600,0
3943,36,27,63,600,0
3944,37,26,63,600,0
3945,38,25,63,600,0
3946,39,24,63,600,0
3947,40,23,63,600,0
3948,41,22,63,600,0
3949,42,21,63,600,0
3950,43,20,63,600,0
3951,44,19,63,600,0
3952,45,18,63,600,0
3953,46,17,63,600,0
3954,47,16,63,600,0
3955,48,15,63,600,0
3956,49,14,63,600,0
3957,50,13,63,600,0
3958,51,12,63,600,0
3959,52,11,63,600,0
3960,53,10,63,600,0
3961,54,9,63,600,0
3962,55,8,63,600,0
3963,56,7,63,600,0
3964,57,6,63,600,0
3965,58,5,63,600,0
3966,59,4,63,600,0
3967,60,3,63,600,0
3968,61,2,63,600,0
3969,62,1,63,600,0
3970,-63,1,64,600,0
3971,-62,2,64,600,0
3972,-61,3,64,600,0
3973,-60,4,64,600,0
3974,-59,5,64,600,0
3975,-58,6,64,600,0
3976,-57,7,64,600,0
3977,-56,8,64,600,0
3978,-55,9,64,600,0
3979,-54,10,64,600,0
3980,-53,11,64,600,0
3981,-52,12,64,600,0
3982,-51,13,64,600,0
3983,-50,14,64,600,0
3984,-49,15,64,600,0
3985,-48,16,64,600,0
3986,-47,17,64,600,0
3987,-46,18,64,600,0
3988,-45,19,64,600,0
3989,-44,20,64,600,0
3990,-43,21,64,600,0
3991,-42,22,64,600,0
3992,-41,23,64,600,0
3993,-40,24,64,600,0
3994,-39,25,64,600,0
3995,-38,26,64,600,0
3996,-37,27,64,600,0
3997,-36,28,64,600,0
3998,-35,29,64,600,0
3999,-34,30,64,600,0
4000,-33,31,64,600,0
4001,-32,32,64,600,0
4002,-31,33,64,600,0
4003,-30,34,64,600,0
4004,-29,35,64,600,0
4005,-28,36,64,600,0
4006,-27,37,64,600,0
4007,-26,38,64,600,0
4008,-25,39,64,600,0
4009,-24,40,64,600,0
4010,-23,41,64,600,0
4011,-22,42,64,600,0
4012,-21,43,64,600,0
4013,-20,44,64,600,0
4014,-19,45,64,600,0
4015,-18,46,64,600,0
4016,-17,47,64,600,0
4017,-16,48,64,600,0
4018,-15,49,64,600,0
4019,-14,50,64,600,0
4020,-13,51,64,600,0
4021,-12,52,64,600,0
4022,-11,53,64,600,0
4023,-10,54,64,600,0
4024,-9,55,64,600,0
4025,-8,56,64,600,0
4026,-7,57,64,600,0
4027,-6,58,64,600,0
4028,-5,59,64,600,0
4029,-4,60,64,600,0
4030,-3,61,64,600,0
4031,-2,62,64,600,0
4032,-1,63,64,600,0
4033,0,64,64,600,0
4034,1,63,64,600,0
4035,2,62,64,600,0
4036,3,61,64,600,0
4037,4,60,64,600,0
4038,5,59,64,600,0
4039,6,58,64,600,0
4040,7,57,64,600,0
4041,8,56,64,600,0
4042,9,55,64,600,0
4043,10,54,64,600,0
4044,11,53,64,600,0
4045,12,52,64,600,0
4046,13,51,64,600,0
4047,14,50,64,600,0
4048,15,49,64,600,0
4049,16,48,64,600,0
4050,17,47,64,600,0
4051,18,46,64,600,0
4052,19,45,64,600,0
4053,20,44,64,600,0
4054,21,43,64,600,0
4055,22,42,64,600,0
4056,23,41,64,600,0
4057,24,40,64,600,0
4058,25,39,64,600,0
4059,26,38,64,600,0
4060,27,37,64,600,0
4061,28,36,64,600,0
4062,29,35,64,600,0
4063,30,34,64,600,0
4064,31,33,64,600,0
4065,32,32,64,600,0
4066,33,31,64,600,0
4067,34,30,64,600,0
4068,35,29,64,600,0
4069,36,28,64,600,0
4070,37,27,64,600,0
4071,38,26,64,600,0
4072,39,25,64,600,0
4073,40,24,64,600,0
4074,41,23,64,600,0
4075,42,22,64,600,0
4076,43,21,64,600,0
4077,44,20,64,600,0
4078,45,19,64,600,0
4079,46,18,64,600,0
4080,47,17,64,600,0
4081,48,16,64,600,0
4082,49,15,64,600,0
4083,50,14,64,600,0
4084,51,13,64,600,0
4085,52,12,64,600,0
4086,53,11,64,600,0
4087,54,10,64,600,0
4088,55,9,64,600,0
4089,56,8,64,600,0
4090,57,7,64,600,0
4091,58,6,64,600,0
4092,59,5,64,600,0
4093,60,4,64,600,0
4094,61,3,64,600,0
4095,62,2,64,600,0
4096,63,1,64,600,0
4097,-64,1,65,600,0
4098,-63,2,65,600,0
4099,-62,3,65,600,0
4100,-61,4,65,600,0
4101,-60,5,65,600,0
4102,-59,6,65,600,0
4103,-58,7,65,600,0
4104,-57,8,65,600,0
4105,-56,9,65,600,0
4106,-55,10,65,600,0
4107,-54,11,65,600,0
4108,-53,12,65,600,0
4109,-52,13,65,600,0
4110,-51,14,65,600,0
4111,-50,15,65,600,0
4112,-49,16,65,600,0
4113,-48,17,65,600,0
4114,-47,18,65,600,0
4115,-46,19,65,600,0
4116,-45,20,65,600,0
4117,-44,21,65,600,0
4118,-43,22,65,600,0
4119,-42,23,65,600,0
4120,-41,24,65,600,0
4121,-40,25,65,600,0
4122,-39,26,65,600,0
4123,-38,27,65,600,0
4124,-37,28,65,600,0
4125,-36,29,65,600,0
4126,-35,30,65,600,0
4127,-34,31,65,600,0
4128,-33,32,65,600,0
4129,-32,33,65,600,0
4130,-31,34,65,600,0
4131,-30,35,65,600,0
4132,-29,36,65,600,0
4133,-28,37,65,600,0
4134,-27,38,65,600,0
4135,-26,39,65,600,0
4136,-25,40,65,600,0
4137,-24,41,65,600,0
4138,-23,42,65,600,0
4139,-22,43,65,600,0
4140,-21,44,65,600,0
4141,-20,45,65,600,0
4142,-19,46,65,600,0
4143,-18,47,65,600,0
4144,-17,48,65,600,0
4145,-16,49,65,600,0
4146,-15,50,65,600,0
4147,-14,51,65,600,0
4148,-13,52,65,600,0
4149,-12,53,65,600,0
4150,-11,54,65,600,0
4151,-10,55,65,600,0
4152,-9,56,65,600,0
4153,-8,57,65,600,0
4154,-7,58,65,600,0
4155,-6,59,65,600,0
4156,-5,60,65,600,0
4157,-4,61,65,600,0
4158,-3,62,65,600,0
4159,-2,63,65,600,0
4160,-1,64,65,600,0
4161,0,65,65,600,0
4162,1,64,65,600,0
4163,2,63,65,600,0
4164,3,62,65,600,0
4165,4,61,65,600,0
4166,5,60,65,600,0
4167,6,59,65,600,0
4168,7,58,65,600,0
4169,8,57,65,600,0
4170,9,56,65,600,0
4171,10,55,65,600,0
4172,11,54,65,600,0
4173,12,53,65,600,0
4174,13,52,65,600,0
4175,14,51,65,600,0
4176,15,50,65,600,0
4177,16,49,65,600,0
4178,17,48,65,600,0
4179,18,47,65,600,0
4180,19,46,65,600,0
4181,20,45,65,600,0
4182,21,44,65,600,0
4183,22,43,65,600,0
4184,23,42,65,600,0
4185,24,41,65,600,0
4186,25,40,65,600,0
4187,26,39,65,600,0
4188,27,38,65,600,0
4189,28,37,65,600,0
4190,29,36,65,600,0
4191,30,35,65,600,0
4192,31,34,65,600,0
4193,32,33,65,600,0
4194,33,32,65,600,0
4195,34,31,65,600,0
4196,35,30,65,600,0
4197,36,29,65,600,0
4198,37,28,65,600,0
4199,38,27,65,600,0
4200,39,26,65,600,0
4201,40,25,65,600,0
4202,41,24,65,600,0
4203,42,23,65,600,0
4204,43,22,65,600,0
4205,44,21,65,600,0
4206,45,20,65,600,0
4207,46,19,65,600,0
4208,47,18,65,600,0
4209,48,17,65,600,0
4210,49,16,65,600,0
4211,50,15,65,600,0
4212,51,14,65,600,0
4213,52,13,65,600,0
4214,53,12,65,600,0
4215,54,11,65,600,0
4216,55,10,65,600,0
4217,56,9,65,600,0
4218,57,8,65,600,0
4219,58,7,65,600,0
4220,59,6,65,600,0
4221,60,5,65,600,0
4222,61,4,65,600,0
4223,62,3,65,600,0
4224,63,2,65,600,0
4225,64,1,65,600,0
4226,-65,1,66,600,0
4227,-64,2,66,600,0
4228,-63,3,66,600,0
4229,-62,4,66,600,0
4230,-61,5,66,600,0
4231,-60,6,66,600,0
4232,-59,7,66,600,0
4233,-58,8,66,600,0
4234,-57,9,66,600,0
4235,-56,10,66,600,0
4236,-55,11,66,600,0
4237,-54,12,66,600,0
4238,-53,13,66,600,0
4239,-52,14,66,600,0
4240,-51,15,66,600,0
4241,-50,16,66,600,0
4242,-49,17,66,600,0
4243,-48,18,66,600,0
4244,-47,19,66,600,0
4245,-46,20,66,600,0
4246,-45,21,66,600,0
4247,-44,22,66,600,0
4248,-43,23,66,600,0
4249,-42,24,66,600,0
4250,-41,25,66,600,0
4251,-40,26,66,600,0
4252,-39,27,66,600,0
4253,-38,28,66,600,0
4254,-37,29,66,600,0
4255,-36,30,66,600,0
4256,-35,31,66,600,0
4257,-34,32,66,600,0
4258,-33,33,66,600,0
4259,-32,34,66,600,0
4260,-31,35,66,600,0
4261,-30,36,66,600,0
4262,-29,37,66,600,0
4263,-28,38,66,600,0
4264,-27,39,66,600,0
4265,-26,40,66,600,0
4266,-25,41,66,600,0
4267,-24,42,66,600,0
4268,-23,43,66,600,0
4269,-22,44,66,600,0
4270,-21,45,66,600,0
4271,-20,46,66,600,0
4272,-19,47,66,600,0
4273,-18,48,66,600,0
4274,-17,49,66,600,0
4275,-16,50,66,600,0
4276,-15,51,66,600,0
4277,-14,52,66,600,0
4278,-13,53,66,600,0
4279,-12,54,66,600,0
4280,-11,55,66,600,0
4281,-10,56,66,600,0
4282,-9,57,66,600,0
4283,-8,58,66,600,0
4284,-7,59,66,600,0
4285,-6,60,66,600,0
4286,-5,61,66,600,0
4287,-4,62,66,600,0
4288,-3,63,66,600,0
4289,-2,64,66,600,0
4290,-1,65,66,600,0
4291,0,66,66,600,0
4292,1,65,66,600,0
4293,2,64,66,600,0
4294,3,63,66,600,0
4295,4,62,66,600,0
4296,5,61,66,600,0
4297,6,60,66,600,0
4298,7,59,66,600,0
4299,8,58,66,600,0
4300,9,57,66,600,0
4301,10,56,66,600,0
4302,11,55,66,600,0
4303,12,54,66,600,0
4304,13,53,66,600,0
4305,14,52,66,600,0
4306,15,51,66,600,0
4307,16,50,66,600,0
4308,17,49,66,600,0
4309,18,48,66,600,0
4310,19,47,66,600,0
4311,20,46,66,600,0
4312,21,45,66,600,0
4313,22,44,66,600,0
4314,23,43,66,600,0
4315,24,42,66,600,0
4316,25,41,66,600,0
4317,26,40,66,600,0
4318,27,39,66,600,0
4319,28,38,66,600,0
4320,29,37,66,600,0
4321,30,36,66,600,0
4322,31,35,66,600,0
4323,32,34,66,600,0
4324,33,33,66,600,0
4325,34,32,66,600,0
4326,35,31,66,600,0
4327,36,30,66,600,0
4328,37,29,66,600,0
4329,38,28,66,600,0
4330,39,27,66,600,0
4331,40,26,66,600,0
4332,41,25,66,600,0
4333,42,24,66,600,0
4334,43,23,66,600,0
4335,44,22,66,600,0
4336,45,21,66,600,0
4337,46,20,66,600,0
4338,47,19,66,600,0
4339,48,18,66,600,0
4340,49,17,66,600,0
4341,50,16,66,600,0
4342,51,15,66,600,0
4343,52,14,66,600,0
4344,53,13,66,600,0
4345,54,12,66,600,0
4346,55,11,66,600,0
4347,56,10,66,600,0
4348,57,9,66,600,0
4349,58,8,66,600,0
4350,59,7,66,600,0
4351,60,6,66,600,0
4352,61,5,66,600,0
4353,62,4,66,600,0
4354,63,3,66,600,0
4355,64,2,66,600,0
4356,65,1,66,600,0
4357,-66,1,67,600,0
4358,-65,2,67,600,0
4359,-64,3,67,600,0
4360,-63,4,67,600,0
4361,-62,5,67,600,0
4362,-61,6,67,600,0
4363,-60,7,67,600,0
4364,-59,8,67,600,0
4365,-58,9,67,600,0
4366,-57,10,67,600,0
4367,-56,11,67,600,0
4368,-55,12,67,600,0
4369,-54,13,67,600,0
4370,-53,14,67,600,0
4371,-52,15,67,600,0
4372,-51,16,67,600,0
4373,-50,17,67,600,0
4374,-49,18,67,600,0
4375,-48,19,67,600,0
4376,-47,20,67,600,0
4377,-46,21,67,600,0
4378,-45,22,67,600,0
4379,-44,23,67,600,0
4380,-43,24,67,600,0
4381,-42,25,67,600,0
4382,-41,26,67,600,0
4383,-40,27,67,600,0
4384,-39,28,67,600,0
4385,-38,29,67,600,0
4386,-37,30,67,600,0
4387,-36,31,67,600,0
4388,-35,32,67,600,0
4389,-34,33,67,600,0
4390,-33,34,67,600,0
4391,-32,35,67,600,0
4392,-31,36,67,600,0
4393,-30,37,67,600,0
4394,-29,38,67,600,0
4395,-28,39,67,600,0
4396,-27,40,67,600,0
4397,-26,41,67,600,0
4398,-25,42,67,600,0
4399,-24,43,67,600,0
4400,-23,44,67,600,0
4401,-22,45,67,600,0
4402,-21,46,67,600,0
4403,-20,47,67,600,0
4404,-19,48,67,600,0
4405,-18,49,67,600,0
4406,-17,50,67,600,0
4407,-16,51,67,600,0
4408,-15,52,67,600,0
4409,-14,53,67,600,0
4410,-13,54,67,600,0
4411,-12,55,67,600,0
4412,-11,56,67,600,0
4413,-10,57,67,600,0
4414,-9,58,67,600,0
4415,-8,59,67,600,0
4416,-7,60,67,600,0
4417,-6,61,67,600,0
4418,-5,62,67,600,0
4419,-4,63,67,600,0
4420,-3,64,67,600,0
4421,-2,65,67,600,0
4422,-1,66,67,600,0
4423,0,67,67,600,0
4424,1,66,67,600,0
4425,2,65,67,600,0
4426,3,64,67,600,0
4427,4,63,67,600,0
4428,5,62,67,600,0
4429,6,61,67,600,0
4430,7,60,67,600,0
4431,8,59,67,600,0
4432,9,58,67,600,0
4433,10,57,67,600,0
4434,11,56,67,600,0
4435,12,55,67,600,0
4436,13,54,67,600,0
4437,14,53,67,600,0
4438,15,52,67,600,0
4439,16,51,67,600,0
4440,17,50,67,600,0
4441,18,49,67,600,0
4442,19,48,67,600,0
4443,20,47,67,600,0
4444,21,46,67,600,0
4445,22,45,67,600,0
4446,23,44,67,600,0
4447,24,43,67,600,0
4448,25,42,67,600,0
4449,26,41,67,600,0
4450,27,40,67,600,0
4451,28,39,67,600,0
4452,29,38,67,600,0
4453,30,37,67,600,0
4454,31,36,67,600,0
4455,32,35,67,600,0
4456,33,34,67,600,0
4457,34,33,67,600,0
4458,35,32,67,600,0
4459,36,31,67,600,0
4460,37,30,67,600,0
4461,38,29,67,600,0
4462,39,28,67,600,0
4463,40,27,67,600,0
4464,41,26,67,600,0
4465,42,25,67,600,0
4466,43,24,67,600,0
4467,44,23,67,600,0
4468,45,22,67,600,0
4469,46,21,67,600,0
4470,47,20,67,600,0
4471,48,19,67,600,0
4472,49,18,67,600,0
4473,50,17,67,600,0
4474,51,16,67,600,0
4475,52,15,67,600,0
4476,53,14,67,600,0
4477,54,13,67,600,0
4478,55,12,67,600,0
4479,56,11,67,600,0
4480,57,10,67,600,0
4481,58,9,67,600,0
4482,59,8,67,600,0
4483,60,7,67,600,0
4484,61,6,67,600,0
4485,62,5,67,600,0
4486,63,4,67,600,0
4487,64,3,67,600,0
4488,65,2,67,600,0
4489,66,1,67,600,0
4490,-67,1,68,600,0
4491,-66,2,68,600,0
4492,-65,3,68,600,0
4493,-64,4,68,600,0
4494,-63,5,68,600,0
4495,-62,6,68,600,0
4496,-61,7,68,600,0
4497,-60,8,68,600,0
4498,-59,9,68,600,0
4499,-58,10,68,600,0
4500,-57,11,68,600,0
4501,-56,12,68,600,0
4502,-55,13,68,600,0
4503,-54,14,68,600,0
4504,-53,15,68,600,0
4505,-52,16,68,600,0
4506,-51,17,68,600,0
4507,-50,18,68,600,0
4508,-49,19,68,600,0
4509,-48,20,68,600,0
4510,-47,21,68,600,0
4511,-46,22,68,600,0
4512,-45,23,68,600,0
4513,-44,24,68,600,0
4514,-43,25,68,600,0
4515,-42,26,68,600,0
4516,-41,27,68,600,0
4517,-40,28,68,600,0
4518,-39,29,68,600,0
4519,-38,30,68,600,0
4520,-37,31,68,600,0
4521,-36,32,68,600,0
4522,-35,33,68,600,0
4523,-34,34,68,600,0
4524,-33,35,68,600,0
4525,-32,36,68,600,0
4526,-31,37,68,600,0
4527,-30,38,68,600,0
4528,-29,39,68,600,0
4529,-28,40,68,600,0
4530,-27,41,68,600,0
4531,-26,42,68,600,0
4532,-25,43,68,600,0
4533,-24,44,68,600,0
4534,-23,45,68,600,0
4535,-22,46,68,600,0
4536,-21,47,68,600,0
4537,-20,48,68,600,0
4538,-19,49,68,600,0
4539,-18,50,68,600,0
4540,-17,51,68,600,0
4541,-16,52,68,600,0
4542,-15,53,68,600,0
4543,-14,54,68,600,0
4544,-13,55,68,600,0
4545,-12,56,68,600,0
4546,-11,57,68,600,0
4547,-10,58,68,600,0
4548,-9,59,68,600,0
4549,-8,60,68,600,0
4550,-7,61,68,600,0
4551,-6,62,68,600,0
4552,-5,63,68,600,0
4553,-4,64,68,600,0
4554,-3,65,68,600,0
4555,-2,66,68,600,0
4556,-1,67,68,600,0
4557,0,68,68,600,0
4558,1,67,68,600,0
4559,2,66,68,600,0
4560,3,65,68,600,0
4561,4,64,68,600,0
4562,5,63,68,600,0
4563,6,62,68,600,0
4564,7,61,68,600,0
4565,8,60,68,600,0
4566,9,59,68,600,0
4567,10,58,68,600,0
4568,11,57,68,600,0
4569,12,56,68,600,0
4570,13,55,68,600,0
4571,14,54,68,600,0
4572,15,53,68,600,0
4573,16,52,68,600,0
4574,17,51,68,600,0
4575,18,50,68,600,0
4576,19,49,68,600,0
4577,20,48,68,600,0
4578,21,47,68,600,0
4579,22,46,68,600,0
4580,23,45,68,600,0
4581,24,44,68,600,0
4582,25,43,68,600,0
4583,26,42,68,600,0
4584,27,41,68,600,0
4585,28,40,68,600,0
4586,29,39,68,600,0
4587,30,38,68,600,0
4588,31,37,68,600,0
4589,32,36,68,600,0
4590,33,35,68,600,0
4591,34,34,68,600,0
4592,35,33,68,600,0
4593,36,32,68,600,0
4594,37,31,68,600,0
4595,38,30,68,600,0
4596,39,29,68,600,0
4597,40,28,68,600,0
4598,41,27,68,600,0
4599,42,26,68,600,0
4600,43,25,68,600,0
4601,44,24,68,600,0
4602,45,23,68,600,0
4603,46,22,68,600,0
4604,47,21,68,600,0
4605,48,20,68,600,0
4606,49,19,68,600,0
4607,50,18,68,600,0
4608,51,17,68,600,0
4609,52,16,68,600,0
4610,53,15,68,600,0
4611,54,14,68,600,0
4612,55,13,68,600,0
4613,56,12,68,600,0
4614,57,11,68,600,0
4615,58,10,68,600,0
4616,59,9,68,600,0
4617,60,8,68,600,0
4618,61,7,68,600,0
4619,62,6,68,600,0
4620,63,5,68,600,0
4621,64,4,68,600,0
4622,65,3,68,600,0
4623,66,2,68,600,0
4624,67,1,68,600,0
4625,-68,1,69,600,0
4626,-67,2,69,600,0
4627,-66,3,69,600,0
4628,-65,4,69,600,0
4629,-64,5,69,600,0
4630,-63,6,69,600,0
4631,-62,7,69,600,0
4632,-61,8,69,600,0
4633,-60,9,69,600,0
4634,-59,10,69,600,0
4635,-58,11,69,600,0
4636,-57,12,69,600,0
4637,-56,13,69,600,0
4638,-55,14,69,600,0
4639,-54,15,69,600,0
4640,-53,16,69,600,0
4641,-52,17,69,600,0
4642,-51,18,69,600,0
4643,-50,19,69,600,0
4644,-49,20,69,600,0
4645,-48,21,69,600,0
4646,-47,22,69,600,0
4647,-46,23,69,600,0
4648,-45,24,69,600,0
4649,-44,25,69,600,0
4650,-43,26,69,600,0
4651,-42,27,69,600,0
4652,-41,28,69,600,0
4653,-40,29,69,600,0
4654,-39,30,69,600,0
4655,-38,31,69,600,0
4656,-37,32,69,600,0
4657,-36,33,69,600,0
4658,-35,34,69,600,0
4659,-34,35,69,600,0
4660,-33,36,69,600,0
4661,-32,37,69,600,0
4662,-31,38,69,600,0
4663,-30,39,69,600,0
4664,-29,40,69,600,0
4665,-28,41,69,600,0
4666,-27,42,69,600,0
4667,-26,43,69,600,0
4668,-25,44,69,600,0
4669,-24,45,69,600,0
4670,-23,46,69,600,0
4671,-22,47,69,600,0
4672,-21,48,69,600,0
4673,-20,49,69,600,0
4674,-19,50,69,600,0
4675,-18,51,69,600,0
4676,-17,52,69,600,0
4677,-16,53,69,600,0
4678,-15,54,69,600,0
4679,-14,55,69,600,0
4680,-13,56,69,600,0
4681,-12,57,69,600,0
4682,-11,58,69,600,0
4683,-10,59,69,600,0
4684,-9,60,69,600,0
4685,-8,61,69,600,0
4686,-7,62,69,600,0
4687,-6,63,69,600,0
4688,-5,64,69,600,0
4689,-4,65,69,600,0
4690,-3,66,69,600,0
4691,-2,67,69,600,0
4692,-1,68,69,600,0
4693,0,69,69,600,0
4694,1,68,69,600,0
4695,2,67,69,600,0
4696,3,66,69,600,0
4697,4,65,69,600,0
4698,5,64,69,600,0
4699,6,63,69,600,0
4700,7,62,69,600,0
4701,8,61,69,600,0
4702,9,60,69,600,0
4703,10,59,69,600,0
4704,11,58,69,600,0
4705,12,57,69,600,0
4706,13,56,69,600,0
4707,14,55,69,600,0
4708,15,54,69,600,0
4709,16,53,69,600,0
4710,17,52,69,600,0
4711,18,51,69,600,0
4712,19,50,69,600,0
4713,20,49,69,600,0
4714,21,48,69,600,0
4715,22,47,69,600,0
4716,23,46,69,600,0
4717,24,45,69,600,0
4718,25,44,69,600,0
4719,26,43,69,600,0
4720,27,42,69,600,0
4721,28,41,69,600,0
4722,29,40,69,600,0
4723,30,39,69,600,0
4724,31,38,69,600,0
4725,32,37,69,600,0
4726,33,36,69,600,0
4727,34,35,69,600,0
4728,35,34,69,600,0
4729,36,33,69,600,0
4730,37,32,69,600,0
4731,38,31,69,600,0
4732,39,30,69,600,0
4733,40,29,69,600,0
4734,41,28,69,600,0
4735,42,27,69,600,0
4736,43,26,69,600,0
4737,44,25,69,600,0
4738,45,24,69,600,0
4739,46,23,69,600,0
4740,47,22,69,600,0
4741,48,21,69,600,0
4742,49,20,69,600,0
4743,50,19,69,600,0
4744,51,18,69,600,0
4745,52,17,69,600,0
4746,53,16,69,600,0
4747,54,15,69,600,0
4748,55,14,69,600,0
4749,56,13,69,600,0
4750,57,12,69,600,0
4751,58,11,69,600,0
4752,59,10,69,600,0
4753,60,9,69,600,0
4754,61,8,69,600,0
4755,62,7,69,600,0
4756,63,6,69,600,0
4757,64,5,69,600,0
4758,65,4,69,600,0
4759,66,3,69,600,0
4760,67,2,69,600,0
4761,68,1,69,600,0
4762,-69,1,70,600,0
4763,-68,2,70,600,0
4764,-67,3,70,600,0
4765,-66,4,70,600,0
4766,-65,5,70,600,0
4767,-64,6,70,600,0
4768,-63,7,70,600,0
4769,-62,8,70,600,0
4770,-61,9,70,600,0
4771,-60,10,70,600,0
4772,-59,11,70,600,0
4773,-58,12,70,600,0
4774,-57,13,70,600,0
4775,-56,14,70,600,0
4776,-55,15,70,600,0
4777,-54,16,70,600,0
4778,-53,17,70,600,0
4779,-52,18,70,600,0
4780,-51,19,70,600,0
4781,-50,20,70,600,0
4782,-49,21,70,600,0
4783,-48,22,70,600,0
4784,-47,23,70,600,0
4785,-46,24,70,600,0
4786,-45,25,70,600,0
4787,-44,26,70,600,0
4788,-43,27,70,600,0
4789,-42,28,70,600,0
4790,-41,29,70,600,0
4791,-40,30,70,600,0
4792,-39,31,70,600,0
4793,-38,32,70,600,0
4794,-37,33,70,600,0
4795,-36,34,70,600,0
4796,-35,35,70,600,0
4797,-34,36,70,600,0
4798,-33,37,70,600,0
4799,-32,38,70,600,0
4800,-31,39,70,600,0
4801,-30,40,70,600,0
4802,-29,41,70,600,0
4803,-28,42,70,600,0
4804,-27,43,70,600,0
4805,-26,44,70,600,0
4806,-25,45,70,600,0
4807,-24,46,70,600,0
4808,-23,47,70,600,0
4809,-22,48,70,600,0
4810,-21,49,70,600,0
4811,-20,50,70,600,0
4812,-19,51,70,600,0
4813,-18,52,70,600,0
4814,-17,53,70,600,0
4815,-16,54,70,600,0
4816,-15,55,70,600,0
4817,-14,56,70,600,0
4818,-13,57,70,600,0
4819,-12,58,70,600,0
4820,-11,59,70,600,0
4821,-10,60,70,600,0
4822,-9,61,70,600,0
4823,-8,62,70,600,0
4824,-7,63,70,600,0
4825,-6,64,70,600,0
4826,-5,65,70,600,0
4827,-4,66,70,600,0
4828,-3,67,70,600,0
4829,-2,68,70,600,0
4830,-1,69,70,600,0
4831,0,70,70,600,0
4832,1,69,70,600,0
4833,2,68,70,600,0
4834,3,67,70,600,0
4835,4,66,70,600,0
4836,5,65,70,600,0
4837,6,64,70,600,0
4838,7,63,70,600,0
4839,8,62,70,600,0
4840,9,61,70,600,0
4841,10,60,70,600,0
4842,11,59,70,600,0
4843,12,58,70,600,0
4844,13,57,70,600,0
4845,14,56,70,600,0
4846,15,55,70,600,0
4847,16,54,70,600,0
4848,17,53,70,600,0
4849,18,52,70,600,0
4850,19,51,70,600,0
4851,20,50,70,600,0
4852,21,49,70,600,0
4853,22,48,70,600,0
4854,23,47,70,600,0
4855,24,46,70,600,0
4856,25,45,70,600,0
4857,26,44,70,600,0
4858,27,43,70,600,0
4859,28,42,70,600,0
4860,29,41,70,600,0
4861,30,40,70,600,0
4862,31,39,70,600,0
4863,32,38,70,600,0
4864,33,37,70,600,0
4865,34,36,70,600,0
4866,35,35,70,600,0
4867,36,34,70,600,0
4868,37,33,70,600,0
4869,38,32,70,600,0
4870,39,31,70,600,0
4871,40,30,70,600,0
4872,41,29,70,600,0
4873,42,28,70,600,0
4874,43,27,70,600,0
4875,44,26,70,600,0
4876,45,25,70,600,0
4877,46,24,70,600,0
4878,47,23,70,600,0
4879,48,22,70,600,0
4880,49,21,70,600,0
4881,50,20,70,600,0
4882,51,19,70,600,0
4883,52,18,70,600,0
4884,53,17,70,600,0
4885,54,16,70,600,0
4886,55,15,70,600,0
4887,56,14,70,600,0
4888,57,13,70,600,0
4889,58,12,70,600,0
4890,59,11,70,600,0
4891,60,10,70,600,0
4892,61,9,70,600,0
4893,62,8,70,600,0
4894,63,7,70,600,0
4895,64,6,70,600,0
4896,65,5,70,600,0
4897,66,4,70,600,0
4898,67,3,70,600,0
4899,68,2,70,600,0
4900,69,1,70,600,0
4901,-70,1,71,600,0
4902,-69,2,71,600,0
4903,-68,3,71,600,0
4904,-67,4,71,600,0
4905,-66,5,71,600,0
4906,-65,6,71,600,0
4907,-64,7,71,600,0
4908,-63,8,71,600,0
4909,-62,9,71,600,0
4910,-61,10,71,600,0
4911,-60,11,71,600,0
4912,-59,12,71,600,0
4913,-58,13,71,600,0
4914,-57,14,71,600,0
4915,-56,15,71,600,0
4916,-55,16,71,600,0
4917,-54,17,71,600,0
4918,-53,18,71,600,0
4919,-52,19,71,600,0
4920,-51,20,71,600,0
4921,-50,21,71,600,0
4922,-49,22,71,600,0
4923,-48,23,71,600,0
4924,-47,24,71,600,0
4925,-46,25,71,600,0
4926,-45,26,71,600,0
4927,-44,27,71,600,0
4928,-43,28,71,600,0
4929,-42,29,71,600,0
4930,-41,30,71,600,0
4931,-40,31,71,600,0
4932,-39,32,71,600,0
4933,-38,33,71,600,0
4934,-37,34,71,600,0
4935,-36,35,71,600,0
4936,-35,36,71,600,0
4937,-34,37,71,600,0
4938,-33,38,71,600,0
4939,-32,39,71,600,0
4940,-31,40,71,600,0
4941,-30,41,71,600,0
4942,-29,42,71,600,0
4943,-28,43,71,600,0
4944,-27,44,71,600,0
4945,-26,45,71,600,0
4946,-25,46,71,600,0
4947,-24,47,71,600,0
4948,-23,48,71,600,0
4949,-22,49,71,600,0
4950,-21,50,71,600,0
4951,-20,51,71,600,0
4952,-19,52,71,600,0
4953,-18,53,71,600,0
4954,-17,54,71,600,0
4955,-16,55,71,600,0
4956,-15,56,71,600,0
4957,-14,57,71,600,0
4958,-13,58,71,600,0
4959,-12,59,71,600,0
4960,-11,60,71,600,0
4961,-10,61,71,600,0
4962,-9,62,71,600,0
4963,-8,63,71,600,0
4964,-7,64,71,600,0
4965,-6,65,71,600,0
4966,-5,66,71,600,0
4967,-4,67,71,600,0
4968,-3,68,71,600,0
4969,-2,69,71,600,0
4970,-1,70,71,600,0
4971,0,71,71,600,0
4972,1,70,71,600,0
4973,2,69,71,600,0
4974,3,68,71,600,0
4975,4,67,71,600,0
4976,5,66,71,600,0
4977,6,65,71,600,0
4978,7,64,71,600,0
4979,8,63,71,600,0
4980,9,62,71,600,0
4981,10,61,71,600,0
4982,11,60,71,600,0
4983,12,59,71,600,0
4984,13,58,71,600,0
4985,14,57,71,600,0
4986,15,56,71,600,0
4987,16,55,71,600,0
4988,17,54,71,600,0
4989,18,53,71,600,0
4990,19,52,71,600,0
4991,20,51,71,600,0
4992,21,50,71,600,0
4993,22,49,71,600,0
4994,23,48,71,600,0
4995,24,47,71,600,0
4996,25,46,71,600,0
4997,26,45,71,600,0
4998,27,44,71,600,0
4999,28,43,71,600,0
5000,29,42,71,600,0
5001,30,41,71,600,0
5002,31,40,71,600,0
5003,32,39,71,600,0
5004,33,38,71,600,0
5005,34,37,71,600,0
5006,35,36,71,600,0
5007,36,35,71,600,0
5008,37,34,71,600,0
5009,38,33,71,600,0
5010,39,32,71,600,0
5011,40,31,71,600,0
5012,41,30,71,600,0
5013,42,29,71,600,0
5014,43,28,71,600,0
5015,44,27,71,600,0
5016,45,26,71,600,0
5017,46,25,71,600,0
5018,47,24,71,600,0
5019,48,23,71,600,0
5020,49,22,71,600,0
5021,50,21,71,600,0
5022,51,20,71,600,0
5023,52,19,71,600,0
5024,53,18,71,600,0
5025,54,17,71,600,0
5026,55,16,71,600,0
5027,56,15,71,600,0
5028,57,14,71,600,0
5029,58,13,71,600,0
5030,59,12,71,600,0
5031,60,11,71,600,0
5032,61,10,71,600,0
5033,62,9,71,600,0
5034,63,8,71,600,0
5035,64,7,71,600,0
5036,65,6,71,600,0
5037,66,5,71,600,0
5038,67,4,71,600,0
5039,68,3,71,600,0
5040,69,2,71,600,0
5041,70,1,71,600,0
5042,-71,1,72,600,0
5043,-70,2,72,600,0
5044,-69,3,72,600,0
5045,-68,4,72,600,0
5046,-67,5,72,600,0
5047,-66,6,72,600,0
5048,-65,7,72,600,0
5049,-64,8,72,600,0
5050,-63,9,72,600,0
5051,-62,10,72,600,0
5052,-61,11,72,600,0
5053,-60,12,72,600,0
5054,-59,13,72,600,0
5055,-58,14,72,600,0
5056,-57,15,72,600,0
5057,-56,16,72,600,0
5058,-55,17,72,600,0
5059,-54,18,72,600,0
5060,-53,19,72,600,0
5061,-52,20,72,600,0
5062,-51,21,72,600,0
5063,-50,22,72,600,0
5064,-49,23,72,600,0
5065,-48,24,72,600,0
5066,-47,25,72,600,0
5067,-46,26,72,600,0
5068,-45,27,72,600,0
5069,-44,28,72,600,0
5070,-43,29,72,600,0
5071,-42,30,72,600,0
5072,-41,31,72,600,0
5073,-40,32,72,600,0
5074,-39,33,72,600,0
5075,-38,34,72,600,0
5076,-37,35,72,600,0
5077,-36,36,72,600,0
5078,-35,37,72,600,0
5079,-34,38,72,600,0
5080,-33,39,72,600,0
5081,-32,40,72,600,0
5082,-31,41,72,600,0
5083,-30,42,72,600,0
5084,-29,43,72,600,0
5085,-28,44,72,600,0
5086,-27,45,72,600,0
5087,-26,46,72,600,0
5088,-25,47,72,600,0
5089,-24,48,72,600,0
5090,-23,49,72,600,0
5091,-22,50,72,600,0
5092,-21,51,72,600,0
5093,-20,52,72,600,0
5094,-19,53,72,600,0
5095,-18,54,72,600,0
5096,-17,55,72,600,0
5097,-16,56,72,600,0
5098,-15,57,72,600,0
5099,-14,58,72,600,0
5100,-13,59,72,600,0
5101,-12,60,72,600,0
5102,-11,61,72,600,0
5103,-10,62,72,600,0
5104,-9,63,72,600,0
5105,-8,64,72,600,0
5106,-7,65,72,600,0
5107,-6,66,72,600,0
5108,-5,67,72,600,0
5109,-4,68,72,600,0
5110,-3,69,72,600,0
5111,-2,70,72,600,0
5112,-1,71,72,600,0
5113,0,72,72,600,0
5114,1,71,72,600,0
5115,2,70,72,600,0
5116,3,69,72,600,0
5117,4,68,72,600,0
5118,5,67,72,600,0
5119,6,66,72,600,0
5120,7,65,72,600,0
5121,8,64,72,600,0
5122,9,63,72,600,0
5123,10,62,72,600,0
5124,11,61,72,600,0
5125,12,60,72,600,0
5126,13,59,72,600,0
5127,14,58,72,600,0
5128,15,57,72,600,0
5129,16,56,72,600,0
5130,17,55,72,600,0
5131,18,54,72,600,0
5132,19,53,72,600,0
5133,20,52,72,600,0
5134,21,51,72,600,0
5135,22,50,72,600,0
5136,23,49,72,600,0
5137,24,48,72,600,0
5138,25,47,72,600,0
5139,26,46,72,600,0
5140,27,45,72,600,0
5141,28,44,72,600,0
5142,29,43,72,600,0
5143,30,42,72,600,0
5144,31,41,72,600,0
5145,32,40,72,600,0
5146,33,39,72,600,0
5147,34,38,72,600,0
5148,35,37,72,600,0
5149,36,36,72,600,0
5150,37,35,72,600,0
5151,38,34,72,600,0
5152,39,33,72,600,0
5153,40,32,72,600,0
5154,41,31,72,600,0
5155,42,30,72,600,0
5156,43,29,72,600,0
5157,44,28,72,600,0
5158,45,27,72,600,0
5159,46,26,72,600,0
5160,47,25,72,600,0
5161,48,24,72,600,0
5162,49,23,72,600,0
5163,50,22,72,600,0
5164,51,21,72,600,0
5165,52,20,72,600,0
5166,53,19,72,600,0
5167,54,18,72,600,0
5168,55,17,72,600,0
5169,56,16,72,600,0
5170,57,15,72,600,0
5171,58,14,72,600,0
5172,59,13,72,600,0
5173,60,12,72,600,0
5174,61,11,72,600,0
5175,62,10,72,600,0
5176,63,9,72,600,0
5177,64,8,72,600,0
5178,65,7,72,600,0
5179,66,6,72,600,0
5180,67,5,72,600,0
5181,68,4,72,600,0
5182,69,3,72,600,0
5183,70,2,72,600,0
5184,71,1,72,600,0
5185,-72,1,73,600,0
5186,-71,2,73,600,0
5187,-70,3,73,600,0
5188,-69,4,73,600,0
5189,-68,5,73,600,0
5190,-67,6,73,600,0
5191,-66,7,73,600,0
5192,-65,8,73,600,0
5193,-64,9,73,600,0
5194,-63,10,73,600,0
5195,-62,11,73,600,0
5196,-61,12,73,600,0
5197,-60,13,73,600,0
5198,-59,14,73,600,0
5199,-58,15,73,600,0
5200,-57,16,73,600,0
5201,-56,17,73,600,0
5202,-55,18,73,600,0
5203,-54,19,73,600,0
5204,-53,20,73,600,0
5205,-52,21,73,600,0
5206,-51,22,73,600,0
5207,-50,23,73,600,0
5208,-49,24,73,600,0
5209,-48,25,73,600,0
5210,-47,26,73,600,0
5211,-46,27,73,600,0
5212,-45,28,73,600,0
5213,-44,29,73,600,0
5214,-43,30,73,600,0
5215,-42,31,73,600,0
5216,-41,32,73,600,0
5217,-40,33,73,600,0
5218,-39,34,73,600,0
5219,-38,35,73,600,0
5220,-37,36,73,600,0
5221,-36,37,73,600,0
5222,-35,38,73,600,0
5223,-34,39,73,600,0
5224,-33,40,73,600,0
5225,-32,41,73,600,0
5226,-31,42,73,600,0
5227,-30,43,73,600,0
5228,-29,44,73,600,0
5229,-28,45,73,600,0
5230,-27,46,73,600,0
5231,-26,47,73,600,0
5232,-25,48,73,600,0
5233,-24,49,73,600,0
5234,-23,50,73,600,0
5235,-22,51,73,600,0
5236,-21,52,73,600,0
5237,-20,53,73,600,0
5238,-19,54,73,600,0
5239,-18,55,73,600,0
5240,-17,56,73,600,0
5241,-16,57,73,600,0
5242,-15,58,73,600,0
5243,-14,59,73,600,0
5244,-13,60,73,600,0
5245,-12,61,73,600,0
5246,-11,62,73,600,0
5247,-10,63,73,600,0
5248,-9,64,73,600,0
5249,-8,65,73,600,0
5250,-7,66,73,600,0
5251,-6,67,73,600,0
5252,-5,68,73,600,0
5253,-4,69,73,600,0
5254,-3,70,73,600,0
5255,-2,71,73,600,0
5256,-1,72,73,600,0
5257,0,73,73,600,0
5258,1,72,73,600,0
5259,2,71,73,600,0
5260,3,70,73,600,0
5261,4,69,73,600,0
5262,5,68,73,600,0
5263,6,67,73,600,0
5264,7,66,73,600,0
5265,8,65,73,600,0
5266,9,64,73,600,0
5267,10,63,73,600,0
5268,11,62,73,600,0
5269,12,61,73,600,0
5270,13,60,73,600,0
5271,14,59,73,600,0
5272,15,58,73,600,0
5273,16,57,73,600,0
5274,17,56,73,600,0
5275,18,55,73,600,0
5276,19,54,73,600,0
5277,20,53,73,600,0
5278,21,52,73,600,0
5279,22,51,73,600,0
5280,23,50,73,600,0
5281,24,49,73,600,0
5282,25,48,73,600,0
5283,26,47,73,600,0
5284,27,46,73,600,0
5285,28,45,73,600,0
5286,29,44,73,600,0
5287,30,43,73,600,0
5288,31,42,73,600,0
5289,32,41,73,600,0
5290,33,40,73,600,0
5291,34,39,73,600,0
5292,35,38,73,600,0
5293,36,37,73,600,0
5294,37,36,73,600,0
5295,38,35,73,600,0
5296,39,34,73,600,0
5297,40,33,73,600,0
5298,41,32,73,600,0
5299,42,31,73,600,0
5300,43,30,73,600,0
5301,44,29,73,600,0
5302,45,28,73,600,0
5303,46,27,73,600,0
5304,47,26,73,600,0
5305,48,25,73,600,0
5306,49,24,73,600,0
5307,50,23,73,600,0
5308,51,22,73,600,0
5309,52,21,73,600,0
5310,53,20,73,600,0
5311,54,19,73,600,0
5312,55,18,73,600,0
5313,56,17,73,600,0
5314,57,16,73,600,0
5315,58,15,73,600,0
5316,59,14,73,600,0
5317,60,13,73,600,0
5318,61,12,73,600,0
5319,62,11,73,600,0
5320,63,10,73,600,0
5321,64,9,73,600,0
5322,65,8,73,600,0
5323,66,7,73,600,0
5324,67,6,73,600,0
5325,68,5,73,600,0
5326,69,4,73,600,0
5327,70,3,73,600,0
5328,71,2,73,600,0
5329,72,1,73,600,0
5330,-73,1,74,600,0
5331,-72,2,74,600,0
5332,-71,3,74,600,0
5333,-70,4,74,600,0
5334,-69,5,74,600,0
5335,-68,6,74,600,0
5336,-67,7,74,600,0
5337,-66,8,74,600,0
5338,-65,9,74,600,0
5339,-64,10,74,600,0
5340,-63,11,74,600,0
5341,-62,12,74,600,0
5342,-61,13,74,600,0
5343,-60,14,74,600,0
5344,-59,15,74,600,0
5345,-58,16,74,600,0
5346,-57,17,74,600,0
5347,-56,18,74,600,0
5348,-55,19,74,600,0
5349,-54,20,74,600,0
5350,-53,21,74,600,0
5351,-52,22,74,600,0
5352,-51,23,74,600,0
5353,-50,24,74,600,0
5354,-49,25,74,600,0
5355,-48,26,74,600,0
5356,-47,27,74,600,0
5357,-46,28,74,600,0
5358,-45,29,74,600,0
5359,-44,30,74,600,0
5360,-43,31,74,600,0
5361,-42,32,74,600,0
5362,-41,33,74,600,0
5363,-40,34,74,600,0
5364,-39,35,74,600,0
5365,-38,36,74,600,0
5366,-37,37,74,600,0
5367,-36,38,74,600,0
5368,-35,39,74,600,0
5369,-34,40,74,600,0
5370,-33,41,74,600,0
5371,-32,42,74,600,0
5372,-31,43,74,600,0
5373,-30,44,74,600,0
5374,-29,45,74,600,0
5375,-28,46,74,600,0
5376,-27,47,74,600,0
5377,-26,48,74,600,0
5378,-25,49,74,600,0
5379,-24,50,74,600,0
5380,-23,51,74,600,0
5381,-22,52,74,600,0
5382,-21,53,74,600,0
5383,-20,54,74,600,0
5384,-19,55,74,600,0
5385,-18,56,74,600,0
5386,-17,57,74,600,0
5387,-16,58,74,600,0
5388,-15,59,74,600,0
5389,-14,60,74,600,0
5390,-13,61,74,600,0
5391,-12,62,74,600,0
5392,-11,63,74,600,0
5393,-10,64,74,600,0
5394,-9,65,74,600,0
5395,-8,66,74,600,0
5396,-7,67,74,600,0
5397,-6,68,74,600,0
5398,-5,69,74,600,0
5399,-4,70,74,600,0
5400,-3,71,74,600,0
5401,-2,72,74,600,0
5402,-1,73,74,600,0
5403,0,74,74,600,0
5404,1,73,74,600,0
5405,2,72,74,600,0
5406,3,71,74,600,0
5407,4,70,74,600,0
5408,5,69,74,600,0
5409,6,68,74,600,0
5410,7,67,74,600,0
5411,8,66,74,600,0
5412,9,65,74,600,0
5413,10,64,74,600,0
5414,11,63,74,600,0
5415,12,62,74,600,0
5416,13,61,74,600,0
5417,14,60,74,600,0
5418,15,59,74,600,0
5419,16,58,74,600,0
5420,17,57,74,600,0
5421,18,56,74,600,0
5422,19,55,74,600,0
5423,20,54,74,600,0
5424,21,53,74,600,0
5425,22,52,74,600,0
5426,23,51,74,600,0
5427,24,50,74,600,0
5428,25,49,74,600,0
5429,26,48,74,600,0
5430,27,47,74,600,0
5431,28,46,74,600,0
5432,29,45,74,600,0
5433,30,44,74,600,0
5434,31,43,74,600,0
5435,32,42,74,600,0
5436,33,41,74,600,0
5437,34,40,74,600,0
5438,35,39,74,600,0
5439,36,38,74,600,0
5440,37,37,74,600,0
5441,38,36,74,600,0
5442,39,35,74,600,0
5443,40,34,74,600,0
5444,41,33,74,600,0
5445,42,32,74,600,0
5446,43,31,74,600,0
5447,44,30,74,600,0
5448,45,29,74,600,0
5449,46,28,74,600,0
5450,47,27,74,600,0
5451,48,26,74,600,0
5452,49,25,74,600,0
5453,50,24,74,600,0
5454,51,23,74,600,0
5455,52,22,74,600,0
5456,53,21,74,600,0
5457,54,20,74,600,0
5458,55,19,74,600,0
5459,56,18,74,600,0
5460,57,17,74,600,0
5461,58,16,74,600,0
5462,59,15,74,600,0
5463,60,14,74,600,0
5464,61,13,74,600,0
5465,62,12,74,600,0
5466,63,11,74,600,0
5467,64,10,74,600,0
5468,65,9,74,600,0
5469,66,8,74,600,0
5470,67,7,74,600,0
5471,68,6,74,600,0
5472,69,5,74,600,0
5473,70,4,74,600,0
5474,71,3,74,600,0
5475,72,2,74,600,0
5476,73,1,74,600,0
5477,-74,1,75,600,0
5478,-73,2,75,600,0
5479,-72,3,75,600,0
5480,-71,4,75,600,0
5481,-70,5,75,600,0
5482,-69,6,75,600,0
5483,-68,7,75,600,0
5484,-67,8,75,600,0
5485,-66,9,75,600,0
5486,-65,10,75,600,0
5487,-64,11,75,600,0
5488,-63,12,75,600,0
5489,-62,13,75,600,0
5490,-61,14,75,600,0
5491,-60,15,75,600,0
5492,-59,16,75,600,0
5493,-58,17,75,600,0
5494,-57,18,75,600,0
5495,-56,19,75,600,0
5496,-55,20,75,600,0
5497,-54,21,75,600,0
5498,-53,22,75,600,0
5499,-52,23,75,600,0
5500,-51,24,75,600,0
5501,-50,25,75,600,0
5502,-49,26,75,600,0
5503,-48,27,75,600,0
5504,-47,28,75,600,0
5505,-46,29,75,600,0
5506,-45,30,75,600,0
5507,-44,31,75,600,0
5508,-43,32,75,600,0
5509,-42,33,75,600,0
5510,-41,34,75,600,0
5511,-40,35,75,600,0
5512,-39,36,75,600,0
5513,-38,37,75,600,0
5514,-37,38,75,600,0
5515,-36,39,75,600,0
5516,-35,40,75,600,0
5517,-34,41,75,600,0
5518,-33,42,75,600,0
5519,-32,43,75,600,0
5520,-31,44,75,600,0
5521,-30,45,75,600,0
5522,-29,46,75,600,0
5523,-28,47,75,600,0
5524,-27,48,75,600,0
5525,-26,49,75,600,0
5526,-25,50,75,600,0
5527,-24,51,75,600,0
5528,-23,52,75,600,0
5529,-22,53,75,600,0
5530,-21,54,75,600,0
5531,-20,55,75,600,0
5532,-19,56,75,600,0
5533,-18,57,75,600,0
5534,-17,58,75,600,0
5535,-16,59,75,600,0
5536,-15,60,75,600,0
5537,-14,61,75,600,0
5538,-13,62,75,600,0
5539,-12,63,75,600,0
5540,-11,64,75,600,0
5541,-10,65,75,600,0
5542,-9,66,75,600,0
5543,-8,67,75,600,0
5544,-7,68,75,600,0
5545,-6,69,75,600,0
5546,-5,70,75,600,0
5547,-4,71,75,600,0
5548,-3,72,75,600,0
5549,-2,73,75,600,0
5550,-1,74,75,600,0
5551,0,75,75,600,0
5552,1,74,75,600,0
5553,2,73,75,600,0
5554,3,72,75,600,0
5555,4,71,75,600,0
5556,5,70,75,600,0
5557,6,69,75,600,0
5558,7,68,75,600,0
5559,8,67,75,600,0
5560,9,66,75,600,0
5561,10,65,75,600,0
5562,11,64,75,600,0
5563,12,63,75,600,0
5564,13,62,75,600,0
5565,14,61,75,600,0
5566,15,60,75,600,0
5567,16,59,75,600,0
5568,17,58,75,600,0
5569,18,57,75,600,0
5570,19,56,75,600,0
5571,20,55,75,600,0
5572,21,54,75,600,0
5573,22,53,75,600,0
5574,23,52,75,600,0
5575,24,51,75,600,0
5576,25,50,75,600,0
5577,26,49,75,600,0
5578,27,48,75,600,0
5579,28,47,75,600,0
5580,29,46,75,600,0
5581,30,45,75,600,0
5582,31,44,75,600,0
5583,32,43,75,600,0
5584,33,42,75,600,0
5585,34,41,75,600,0
5586,35,40,75,600,0
5587,36,39,75,600,0
5588,37,38,75,600,0
5589,38,37,75,600,0
5590,39,36,75,600,0
5591,40,35,75,600,0
5592,41,34,75,600,0
5593,42,33,75,600,0
5594,43,32,75,600,0
5595,44,31,75,600,0
5596,45,30,75,600,0
5597,46,29,75,600,0
5598,47,28,75,600,0
5599,48,27,75,600,0
5600,49,26,75,600,0
5601,50,25,75,600,0
5602,51,24,75,600,0
5603,52,23,75,600,0
5604,53,22,75,600,0
5605,54,21,75,600,0
5606,55,20,75,600,0
5607,56,19,75,600,0
5608,57,18,75,600,0
5609,58,17,75,600,0
5610,59,16,75,600,0
5611,60,15,75,600,0
5612,61,14,75,600,0
5613,62,13,75,600,0
5614,63,12,75,600,0
5615,64,11,75,600,0
5616,65,10,75,600,0
5617,66,9,75,600,0
5618,67,8,75,600,0
5619,68,7,75,600,0
5620,69,6,75,600,0
5621,70,5,75,600,0
5622,71,4,75,600,0
5623,72,3,75,600,0
5624,73,2,75,600,0
5625,74,1,75,600,0
5626,-75,1,76,600,0
5627,-74,2,76,600,0
5628,-73,3,76,600,0
5629,-72,4,76,600,0
5630,-71,5,76,600,0
5631,-70,6,76,600,0
5632,-69,7,76,600,0
5633,-68,8,76,600,0
5634,-67,9,76,600,0
5635,-66,10,76,600,0
5636,-65,11,76,600,0
5637,-64,12,76,600,0
5638,-63,13,76,600,0
5639,-62,14,76,600,0
5640,-61,15,76,600,0
5641,-60,16,76,600,0
5642,-59,17,76,600,0
5643,-58,18,76,600,0
5644,-57,19,76,600,0
5645,-56,20,76,600,0
5646,-55,21,76,600,0
5647,-54,22,76,600,0
5648,-53,23,76,600,0
5649,-52,24,76,600,0
5650,-51,25,76,600,0
5651,-50,26,76,600,0
5652,-49,27,76,600,0
5653,-48,28,76,600,0
5654,-47,29,76,600,0
5655,-46,30,76,600,0
5656,-45,31,76,600,0
5657,-44,32,76,600,0
5658,-43,33,76,600,0
5659,-42,34,76,600,0
5660,-41,35,76,600,0
5661,-40,36,76,600,0
5662,-39,37,76,600,0
5663,-38,38,76,600,0
5664,-37,39,76,600,0
5665,-36,40,76,600,0
5666,-35,41,76,600,0
5667,-34,42,76,600,0
5668,-33,43,76,600,0
5669,-32,44,76,600,0
5670,-31,45,76,600,0
5671,-30,46,76,600,0
5672,-29,47,76,600,0
5673,-28,48,76,600,0
5674,-27,49,76,600,0
5675,-26,50,76,600,0
5676,-25,51,76,600,0
5677,-24,52,76,600,0
5678,-23,53,76,600,0
5679,-22,54,76,600,0
5680,-21,55,76,600,0
5681,-20,56,76,600,0
5682,-19,57,76,600,0
5683,-18,58,76,600,0
5684,-17,59,76,600,0
5685,-16,60,76,600,0
5686,-15,61,76,600,0
5687,-14,62,76,600,0
5688,-13,63,76,600,0
5689,-12,64,76,600,0
5690,-11,65,76,600,0
5691,-10,66,76,600,0
5692,-9,67,76,600,0
5693,-8,68,76,600,0
5694,-7,69,76,600,0
5695,-6,70,76,600,0
5696,-5,71,76,600,0
5697,-4,72,76,600,0
5698,-3,73,76,600,0
5699,-2,74,76,600,0
5700,-1,75,76,600,0
5701,0,76,76,600,0
5702,1,75,76,600,0
5703,2,74,76,600,0
5704,3,73,76,600,0
5705,4,72,76,600,0
5706,5,71,76,600,0
5707,6,70,76,600,0
5708,7,69,76,600,0
5709,8,68,76,600,0
5710,9,67,76,600,0
5711,10,66,76,600,0
5712,11,65,76,600,0
5713,12,64,76,600,0
5714,13,63,76,600,0
5715,14,62,76,600,0
5716,15,61,76,600,0
5717,16,60,76,600,0
5718,17,59,76,600,0
5719,18,58,76,600,0
5720,19,57,76,600,0
5721,20,56,76,600,0
5722,21,55,76,600,0
5723,22,54,76,600,0
5724,23,53,76,600,0
5725,24,52,76,600,0
5726,25,51,76,600,0
5727,26,50,76,600,0
5728,27,49,76,600,0
5729,28,48,76,600,0
5730,29,47,76,600,0
5731,30,46,76,600,0
5732,31,45,76,600,0
5733,32,44,76,600,0
5734,33,43,76,600,0
5735,34,42,76,600,0
5736,35,41,76,600,0
5737,36,40,76,600,0
5738,37,39,76,600,0
5739,38,38,76,600,0
5740,39,37,76,600,0
5741,40,36,76,600,0
5742,41,35,76,600,0
5743,42,34,76,600,0
5744,43,33,76,600,0
5745,44,32,76,600,0
5746,45,31,76,600,0
5747,46,30,76,600,0
5748,47,29,76,600,0
5749,48,28,76,600,0
5750,49,27,76,600,0
5751,50,26,76,600,0
5752,51,25,76,600,0
5753,52,24,76,600,0
5754,53,23,76,600,0
5755,54,22,76,600,0
5756,55,21,76,600,0
5757,56,20,76,600,0
5758,57,19,76,600,0
5759,58,18,76,600,0
5760,59,17,76,600,0
5761,60,16,76,600,0
5762,61,15,76,600,0
5763,62,14,76,600,0
5764,63,13,76,600,0
5765,64,12,76,600,0
5766,65,11,76,600,0
5767,66,10,76,600,0
5768,67,9,76,600,0
5769,68,8,76,600,0
5770,69,7,76,600,0
5771,70,6,76,600,0
5772,71,5,76,600,0
5773,72,4,76,600,0
5774,73,3,76,600,0
5775,74,2,76,600,0
5776,75,1,76,600,0
5777,-76,1,77,600,0
5778,-75,2,77,600,0
5779,-74,3,77,600,0
5780,-73,4,77,600,0
5781,-72,5,77,600,0
5782,-71,6,77,600,0
5783,-70,7,77,600,0
5784,-69,8,77,600,0
5785,-68,9,77,600,0
5786,-67,10,77,600,0
5787,-66,11,77,600,0
5788,-65,12,77,600,0
5789,-64,13,77,600,0
5790,-63,14,77,600,0
5791,-62,15,77,600,0
5792,-61,16,77,600,0
5793,-60,17,77,600,0
5794,-59,18,77,600,0
5795,-58,19,77,600,0
5796,-57,20,77,600,0
5797,-56,21,77,600,0
5798,-55,22,77,600,0
5799,-54,23,77,600,0
5800,-53,24,77,600,0
5801,-52,25,77,600,0
5802,-51,26,77,600,0
5803,-50,27,77,600,0
5804,-49,28,77,600,0
5805,-48,29,77,600,0
5806,-47,30,77,600,0
5807,-46,31,77,600,0
5808,-45,32,77,600,0
5809,-44,33,77,600,0
5810,-43,34,77,600,0
5811,-42,35,77,600,0
5812,-41,36,77,600,0
5813,-40,37,77,600,0
5814,-39,38,77,600,0
5815,-38,39,77,600,0
5816,-37,40,77,600,0
5817,-36,41,77,600,0
5818,-35,42,77,600,0
5819,-34,43,77,600,0
5820,-33,44,77,600,0
5821,-32,45,77,600,0
5822,-31,46,77,600,0
5823,-30,47,77,600,0
5824,-29,48,77,600,0
5825,-28,49,77,600,0
5826,-27,50,77,600,0
5827,-26,51,77,600,0
5828,-25,52,77,600,0
5829,-24,53,77,600,0
5830,-23,54,77,600,0
5831,-22,55,77,600,0
5832,-21,56,77,600,0
5833,-20,57,77,600,0
5834,-19,58,77,600,0
5835,-18,59,77,600,0
5836,-17,60,77,600,0
5837,-16,61,77,600,0
5838,-15,62,77,600,0
5839,-14,63,77,600,0
5840,-13,64,77,600,0
5841,-12,65,77,600,0
5842,-11,66,77,600,0
5843,-10,67,77,600,0
5844,-9,68,77,600,0
5845,-8,69,77,600,0
5846,-7,70,77,600,0
5847,-6,71,77,600,0
5848,-5,72,77,600,0
5849,-4,73,77,600,0
5850,-3,74,77,600,0
5851,-2,75,77,600,0
5852,-1,76,77,600,0
5853,0,77,77,600,0
5854,1,76,77,600,0
5855,2,75,77,600,0
5856,3,74,77,600,0
5857,4,73,77,600,0
5858,5,72,77,600,0
5859,6,71,77,600,0
5860,7,70,77,600,0
5861,8,69,77,600,0
5862,9,68,77,600,0
5863,10,67,77,600,0
5864,11,66,77,600,0
5865,12,65,77,600,0
5866,13,64,77,600,0
5867,14,63,77,600,0
5868,15,62,77,600,0
5869,16,61,77,600,0
5870,17,60,77,600,0
5871,18,59,77,600,0
5872,19,58,77,600,0
5873,20,57,77,600,0
5874,21,56,77,600,0
5875,22,55,77,600,0
5876,23,54,77,600,0
5877,24,53,77,600,0
5878,25,52,77,600,0
5879,26,51,77,600,0
5880,27,50,77,600,0
5881,28,49,77,600,0
5882,29,48,77,600,0
5883,30,47,77,600,0
5884,31,46,77,600,0
5885,32,45,77,600,0
5886,33,44,77,600,0
5887,34,43,77,600,0
5888,35,42,77,600,0
5889,36,41,77,600,0
5890,37,40,77,600,0
5891,38,39,77,600,0
5892,39,38,77,600,0
5893,40,37,77,600,0
5894,41,36,77,600,0
5895,42,35,77,600,0
5896,43,34,77,600,0
5897,44,33,77,600,0
5898,45,32,77,600,0
5899,46,31,77,600,0
5900,47,30,77,600,0
5901,48,29,77,600,0
5902,49,28,77,600,0
5903,50,27,77,600,0
5904,51,26,77,600,0
5905,52,25,77,600,0
5906,53,24,77,600,0
5907,54,23,77,600,0
5908,55,22,77,600,0
5909,56,21,77,600,0
5910,57,20,77,600,0
5911,58,19,77,600,0
5912,59,18,77,600,0
5913,60,17,77,600,0
5914,61,16,77,600,0
5915,62,15,77,600,0
5916,63,14,77,600,0
5917,64,13,77,600,0
5918,65,12,77,600,0
5919,66,11,77,600,0
5920,67,10,77,600,0
5921,68,9,77,600,0
5922,69,8,77,600,0
5923,70,7,77,600,0
5924,71,6,77,600,0
5925,72,5,77,600,0
5926,73,4,77,600,0
5927,74,3,77,600,0
5928,75,2,77,600,0
5929,76,1,77,600,0
5930,-77,1,78,600,0
5931,-76,2,78,600,0
5932,-75,3,78,600,0
5933,-74,4,78,600,0
5934,-73,5,78,600,0
5935,-72,6,78,600,0
5936,-71,7,78,600,0
5937,-70,8,78,600,0
5938,-69,9,78,600,0
5939,-68,10,78,600,0
5940,-67,11,78,600,0
5941,-66,12,78,600,0
5942,-65,13,78,600,0
5943,-64,14,78,600,0
5944,-63,15,78,600,0
5945,-62,16,78,600,0
5946,-61,17,78,600,0
5947,-60,18,78,600,0
5948,-59,19,78,600,0
5949,-58,20,78,600,0
5950,-57,21,78,600,0
5951,-56,22,78,600,0
5952,-55,23,78,600,0
5953,-54,24,78,600,0
5954,-53,25,78,600,0
5955,-52,26,78,600,0
5956,-51,27,78,600,0
5957,-50,28,78,600,0
5958,-49,29,78,600,0
5959,-48,30,78,600,0
5960,-47,31,78,600,0
5961,-46,32,78,600,0
5962,-45,33,78,600,0
5963,-44,34,78,600,0
5964,-43,35,78,600,0
5965,-42,36,78,600,0
5966,-41,37,78,600,0
5967,-40,38,78,600,0
5968,-39,39,78,600,0
5969,-38,40,78,600,0
5970,-37,41,78,600,0
5971,-36,42,78,600,0
5972,-35,43,78,600,0
5973,-34,44,78,600,0
5974,-33,45,78,600,0
5975,-32,46,78,600,0
5976,-31,47,78,600,0
5977,-30,48,78,600,0
5978,-29,49,78,600,0
5979,-28,50,78,600,0
5980,-27,51,78,600,0
5981,-26,52,78,600,0
5982,-25,53,78,600,0
5983,-24,54,78,600,0
5984,-23,55,78,600,0
5985,-22,56,78,600,0
5986,-21,57,78,600,0
5987,-20,58,78,600,0
5988,-19,59,78,600,0
5989,-18,60,78,600,0
5990,-17,61,78,600,0
5991,-16,62,78,600,0
5992,-15,63,78,600,0
5993,-14,64,78,600,0
5994,-13,65,78,600,0
5995,-12,66,78,600,0
5996,-11,67,78,600,0
5997,-10,68,78,600,0
5998,-9,69,78,600,0
5999,-8,70,78,600,0
6000,-7,71,78,600,0
6001,-6,72,78,600,0
6002,-5,73,78,600,0
6003,-4,74,78,600,0
6004,-3,75,78,600,0
6005,-2,76,78,600,0
6006,-1,77,78,600,0
6007,0,78,78,600,0
6008,1,77,78,600,0
6009,2,76,78,600,0
6010,3,75,78,600,0
6011,4,74,78,600,0
6012,5,73,78,600,0
6013,6,72,78,600,0
6014,7,71,78,600,0
